timestamp,open,high,low,close,volume,delta,cvd_open,cvd_high,cvd_low,cvd_close,ha_open,ha_high,ha_low,ha_close,ha_cvd_open,ha_cvd_high,ha_cvd_low,ha_cvd_close
2025-07-14 13:30:00+00:00,6294.25,6296.5,6291.25,6292.0,10422,-1212,-23,856,-1214,-1212,6293.5,6293.125,6296.5,6291.25,-398.25,-617.5,856.0,-1214.0
2025-07-14 13:31:00+00:00,6292.0,6296.0,6290.25,6291.25,7610,-108,-1210,-269,-1348,-1320,6292.375,6293.3125,6296.0,6290.25,-1036.75,-507.875,-269.0,-1348.0
2025-07-14 13:32:00+00:00,6291.25,6293.0,6290.25,6292.5,3015,199,-1322,-1070,-1337,-1121,6291.75,6292.84375,6293.0,6290.25,-1212.5,-772.3125,-772.3125,-1337.0
2025-07-14 13:33:00+00:00,6293.0,6295.5,6292.75,6293.5,3098,72,-1118,-808,-1118,-1049,6293.6875,6292.296875,6295.5,6292.296875,-1023.25,-992.40625,-808.0,-1118.0
2025-07-14 13:34:00+00:00,6293.5,6293.75,6289.25,6290.0,3089,-931,-1032,-1010,-1998,-1980,6291.625,6292.9921875,6293.75,6289.25,-1505.0,-1007.828125,-1007.828125,-1998.0
2025-07-14 13:35:00+00:00,6290.25,6291.25,6287.5,6291.25,4492,-290,-1973,-1943,-2717,-2270,6290.0625,6292.30859375,6292.30859375,6287.5,-2225.75,-1256.4140625,-1256.4140625,-2717.0
2025-07-14 13:36:00+00:00,6291.25,6294.5,6290.5,6293.75,3529,717,-2269,-1518,-2341,-1553,6292.5,6291.185546875,6294.5,6290.5,-1920.25,-1741.08203125,-1518.0,-2341.0
2025-07-14 13:37:00+00:00,6293.75,6294.0,6291.75,6292.0,2515,-15,-1547,-1410,-1625,-1568,6292.875,6291.8427734375,6294.0,6291.75,-1537.5,-1830.666015625,-1410.0,-1830.666015625
2025-07-14 13:38:00+00:00,6292.0,6292.75,6291.0,6291.75,2113,-251,-1570,-1561,-1845,-1819,6291.875,6292.35888671875,6292.75,6291.0,-1698.75,-1684.0830078125,-1561.0,-1845.0
2025-07-14 13:39:00+00:00,6291.75,6293.0,6290.0,6292.75,2216,-226,-1822,-1813,-2185,-2045,6291.875,6292.116943359375,6293.0,6290.0,-1966.25,-1691.41650390625,-1691.41650390625,-2185.0
2025-07-14 13:40:00+00:00,6292.75,6293.75,6289.75,6290.5,2136,-246,-2047,-1897,-2329,-2291,6291.6875,6291.9959716796875,6293.75,6289.75,-2141.0,-1828.833251953125,-1828.833251953125,-2329.0
2025-07-14 13:41:00+00:00,6290.25,6291.0,6288.75,6289.5,2441,-125,-2292,-2192,-2514,-2416,6289.875,6291.841735839844,6291.841735839844,6288.75,-2353.5,-1984.9166259765625,-1984.9166259765625,-2514.0
2025-07-14 13:42:00+00:00,6289.5,6289.75,6283.5,6284.0,5770,-1740,-2415,-2399,-4239,-4156,6286.6875,6290.858367919922,6290.858367919922,6283.5,-3302.25,-2169.2083129882812,-2169.2083129882812,-4239.0
2025-07-14 13:43:00+00:00,6283.75,6283.75,6280.25,6283.75,8544,232,-4160,-3919,-4729,-3924,6282.875,6288.772933959961,6288.772933959961,6280.25,-4183.0,-2735.7291564941406,-2735.7291564941406,-4729.0
2025-07-14 13:44:00+00:00,6283.5,6285.25,6281.5,6281.75,4058,-62,-3940,-3514,-4006,-3986,6283.0,6285.8239669799805,6285.8239669799805,6281.5,-3861.5,-3459.3645782470703,-3459.3645782470703,-4006.0
2025-07-14 13:45:00+00:00,6281.75,6286.0,6280.25,6285.25,6108,-40,-3983,-3974,-4695,-4026,6283.3125,6284.41198348999,6286.0,6280.25,-4169.5,-3660.432289123535,-3660.432289123535,-4695.0
2025-07-14 13:46:00+00:00,6285.5,6285.75,6282.75,6285.0,2921,-255,-4016,-4016,-4385,-4281,6284.75,6283.862241744995,6285.75,6282.75,-4174.5,-3914.9661445617676,-3914.9661445617676,-4385.0
2025-07-14 13:47:00+00:00,6284.75,6288.75,6283.75,6288.5,4236,806,-4275,-3339,-4393,-3475,6286.4375,6284.306120872498,6288.75,6283.75,-3870.5,-4044.733072280884,-3339.0,-4393.0
2025-07-14 13:48:00+00:00,6288.25,6292.75,6288.0,6292.5,4839,853,-3477,-2527,-3499,-2622,6290.375,6285.371810436249,6292.75,6285.371810436249,-3031.25,-3957.616536140442,-2527.0,-3957.616536140442
2025-07-14 13:49:00+00:00,6292.5,6294.75,6292.25,6294.25,4189,965,-2619,-1626,-2620,-1657,6293.4375,6287.873405218124,6294.75,6287.873405218124,-2130.5,-3494.433268070221,-1626.0,-3494.433268070221
2025-07-14 13:50:00+00:00,6294.5,6296.5,6293.5,6294.5,3961,557,-1656,-834,-1656,-1100,6294.75,6290.655452609062,6296.5,6290.655452609062,-1311.5,-2812.4666340351105,-834.0,-2812.4666340351105
2025-07-14 13:51:00+00:00,6294.5,6297.25,6294.5,6297.25,3054,790,-1101,-309,-1148,-310,6295.875,6292.702726304531,6297.25,6292.702726304531,-717.0,-2061.9833170175552,-309.0,-2061.9833170175552
2025-07-14 13:52:00+00:00,6297.25,6297.25,6293.5,6294.0,3564,-738,-309,-295,-1123,-1048,6295.5,6294.288863152266,6297.25,6293.5,-693.75,-1389.4916585087776,-295.0,-1389.4916585087776
2025-07-14 13:53:00+00:00,6294.0,6294.25,6291.5,6293.5,3228,-326,-1021,-1020,-1653,-1374,6293.3125,6294.894431576133,6294.894431576133,6291.5,-1267.0,-1041.6208292543888,-1020.0,-1653.0
2025-07-14 13:54:00+00:00,6293.5,6295.0,6293.25,6294.75,1385,327,-1375,-1042,-1376,-1047,6294.125,6294.103465788066,6295.0,6293.25,-1210.0,-1154.3104146271944,-1042.0,-1376.0
2025-07-14 13:55:00+00:00,6294.5,6295.0,6290.25,6291.25,2753,-753,-1048,-1017,-1872,-1800,6292.75,6294.114232894033,6295.0,6290.25,-1434.25,-1182.1552073135972,-1017.0,-1872.0
2025-07-14 13:56:00+00:00,6291.25,6292.25,6289.5,6291.25,2799,-351,-1799,-1675,-2302,-2151,6291.0625,6293.432116447017,6293.432116447017,6289.5,-1981.75,-1308.2026036567986,-1308.2026036567986,-2302.0
2025-07-14 13:57:00+00:00,6291.5,6291.5,6288.5,6288.5,1828,-432,-2135,-1990,-2589,-2583,6290.0,6292.247308223508,6292.247308223508,6288.5,-2324.25,-1644.9763018283993,-1644.9763018283993,-2589.0
2025-07-14 13:58:00+00:00,6288.25,6290.25,6287.5,6289.5,2718,142,-2585,-2363,-2918,-2441,6288.875,6291.123654111754,6291.123654111754,6287.5,-2576.75,-1984.6131509141997,-1984.6131509141997,-2918.0
2025-07-14 13:59:00+00:00,6289.5,6290.25,6288.25,6289.0,1722,36,-2436,-2192,-2453,-2405,6289.25,6289.999327055877,6290.25,6288.25,-2371.5,-2280.6815754571,-2192.0,-2453.0
2025-07-14 14:00:00+00:00,6289.25,6291.0,6287.75,6288.5,3231,331,-2368,-1879,-2391,-2074,6289.125,6289.6246635279385,6291.0,6287.75,-2178.0,-2326.09078772855,-1879.0,-2391.0
2025-07-14 14:01:00+00:00,6288.5,6288.5,6285.75,6286.75,3837,-523,-2073,-2073,-2768,-2597,6287.375,6289.374831763969,6289.374831763969,6285.75,-2377.75,-2252.045393864275,-2073.0,-2768.0
2025-07-14 14:02:00+00:00,6286.75,6289.75,6286.25,6289.0,2571,589,-2599,-1907,-2606,-2008,6287.9375,6288.374915881985,6289.75,6286.25,-2280.0,-2314.8976969321375,-1907.0,-2606.0
2025-07-14 14:03:00+00:00,6289.0,6289.5,6287.75,6288.75,1326,-34,-1999,-1858,-2046,-2042,6288.75,6288.156207940992,6289.5,6287.75,-1986.25,-2297.4488484660687,-1858.0,-2297.4488484660687
2025-07-14 14:04:00+00:00,6288.75,6291.0,6288.5,6291.0,2331,497,-2043,-1545,-2045,-1545,6289.8125,6288.453103970496,6291.0,6288.453103970496,-1794.5,-2141.8494242330344,-1545.0,-2141.8494242330344
2025-07-14 14:05:00+00:00,6291.0,6291.0,6288.25,6288.5,2277,61,-1535,-1307,-1601,-1484,6289.6875,6289.132801985248,6291.0,6288.25,-1481.75,-1968.1747121165172,-1307.0,-1968.1747121165172
2025-07-14 14:06:00+00:00,6288.5,6290.5,6287.75,6290.25,1457,-97,-1485,-1480,-1654,-1581,6289.25,6289.410150992624,6290.5,6287.75,-1550.0,-1724.9623560582586,-1480.0,-1724.9623560582586
2025-07-14 14:07:00+00:00,6290.25,6292.75,6290.0,6292.25,3074,808,-1579,-649,-1579,-773,6291.3125,6289.330075496312,6292.75,6289.330075496312,-1145.0,-1637.4811780291293,-649.0,-1637.4811780291293
2025-07-14 14:08:00+00:00,6292.25,6292.75,6290.0,6290.25,1926,-174,-774,-689,-966,-947,6291.3125,6290.3212877481565,6292.75,6290.0,-844.0,-1391.2405890145646,-689.0,-1391.2405890145646
2025-07-14 14:09:00+00:00,6290.0,6291.75,6289.75,6291.25,1132,80,-948,-837,-1032,-867,6290.6875,6290.816893874078,6291.75,6289.75,-921.0,-1117.6202945072823,-837.0,-1117.6202945072823
2025-07-14 14:10:00+00:00,6291.25,6292.5,6290.25,6290.25,1439,137,-866,-642,-935,-730,6291.0625,6290.752196937039,6292.5,6290.25,-793.25,-1019.3101472536412,-642.0,-1019.3101472536412
2025-07-14 14:11:00+00:00,6290.25,6291.5,6289.75,6291.0,800,-34,-737,-737,-801,-764,6290.625,6290.90734846852,6291.5,6289.75,-759.75,-906.2800736268206,-737.0,-906.2800736268206
2025-07-14 14:12:00+00:00,6290.75,6291.0,6286.0,6286.25,4455,-1337,-765,-755,-2106,-2101,6288.5,6290.76617423426,6291.0,6286.0,-1431.75,-833.0150368134102,-755.0,-2106.0
2025-07-14 14:13:00+00:00,6286.0,6291.5,6284.75,6291.0,4690,-340,-2103,-2103,-3131,-2441,6288.3125,6289.63308711713,6291.5,6284.75,-2444.5,-1132.382518406705,-1132.382518406705,-3131.0
2025-07-14 14:14:00+00:00,6291.0,6292.0,6289.5,6292.0,1863,205,-2444,-2236,-2583,-2236,6291.125,6288.972793558565,6292.0,6288.972793558565,-2374.75,-1788.4412592033525,-1788.4412592033525,-2583.0
2025-07-14 14:15:00+00:00,6292.0,6294.0,6291.75,6294.0,3452,1122,-2233,-1114,-2233,-1114,6292.9375,6290.048896779283,6294.0,6290.048896779283,-1673.5,-2081.595629601676,-1114.0,-2233.0
2025-07-14 14:16:00+00:00,6293.75,6295.25,6292.75,6294.75,2671,761,-1115,-348,-1115,-353,6294.125,6291.493198389641,6295.25,6291.493198389641,-732.75,-1877.547814800838,-348.0,-1877.547814800838
2025-07-14 14:17:00+00:00,6295.0,6297.25,6294.5,6295.75,2791,477,-352,422,-357,124,6295.625,6292.809099194821,6297.25,6292.809099194821,-40.75,-1305.148907400419,422.0,-1305.148907400419
2025-07-14 14:18:00+00:00,6295.75,6296.5,6295.0,6295.5,1414,-88,120,155,12,36,6295.6875,6294.217049597411,6296.5,6294.217049597411,80.75,-672.9494537002095,155.0,-672.9494537002095
2025-07-14 14:19:00+00:00,6295.5,6296.0,6294.0,6295.25,1528,-444,24,24,-479,-408,6295.1875,6294.952274798705,6296.0,6294.0,-209.75,-296.09972685010473,24.0,-479.0
2025-07-14 14:20:00+00:00,6295.25,6296.0,6294.25,6296.0,1537,275,-407,-133,-407,-133,6295.375,6295.069887399352,6296.0,6294.25,-270.0,-252.92486342505237,-133.0,-407.0
2025-07-14 14:21:00+00:00,6296.0,6299.5,6296.0,6299.0,6435,1433,-132,1536,-132,1300,6297.625,6295.222443699677,6299.5,6295.222443699677,643.0,-261.46243171252615,1536.0,-261.46243171252615
2025-07-14 14:22:00+00:00,6299.25,6299.75,6298.5,6299.0,2103,-373,1301,1310,927,927,6299.125,6296.423721849838,6299.75,6296.423721849838,1116.25,190.76878414373692,1310.0,190.76878414373692
2025-07-14 14:23:00+00:00,6299.25,6299.75,6298.25,6298.25,1588,218,928,1253,916,1145,6298.875,6297.774360924919,6299.75,6297.774360924919,1060.5,653.5093920718684,1253.0,653.5093920718684
2025-07-14 14:24:00+00:00,6298.25,6298.5,6296.75,6298.0,1842,-492,1144,1150,561,653,6297.875,6298.32468046246,6298.5,6296.75,877.0,857.0046960359342,1150.0,561.0
2025-07-14 14:25:00+00:00,6298.0,6298.25,6294.0,6294.5,3512,-694,655,734,-123,-41,6296.1875,6298.09984023123,6298.25,6294.0,306.25,867.002348017967,867.002348017967,-123.0
2025-07-14 14:26:00+00:00,6294.5,6295.5,6294.0,6295.25,1696,160,-38,126,-58,119,6294.8125,6297.143670115614,6297.143670115614,6294.0,37.25,586.6261740089835,586.6261740089835,-58.0
2025-07-14 14:27:00+00:00,6295.0,6295.0,6291.25,6292.25,3826,-1260,110,110,-1342,-1141,6293.375,6295.978085057807,6295.978085057807,6291.25,-565.75,311.93808700449176,311.93808700449176,-1342.0
2025-07-14 14:28:00+00:00,6292.25,6292.25,6288.25,6289.25,4127,-861,-1157,-1157,-2304,-2002,6290.5,6294.676542528903,6294.676542528903,6288.25,-1655.0,-126.90595649775412,-126.90595649775412,-2304.0
2025-07-14 14:29:00+00:00,6289.0,6289.75,6288.25,6289.25,2485,-427,-2003,-2003,-2499,-2429,6289.0625,6292.588271264452,6292.588271264452,6288.25,-2233.5,-890.9529782488771,-890.9529782488771,-2499.0
2025-07-14 14:30:00+00:00,6289.25,6291.0,6287.5,6290.25,3904,462,-2433,-1953,-2573,-1967,6289.5,6290.825385632226,6291.0,6287.5,-2231.5,-1562.2264891244386,-1562.2264891244386,-2573.0
2025-07-14 14:31:00+00:00,6290.25,6291.5,6289.25,6289.75,2266,-60,-1966,-1866,-2042,-2027,6290.1875,6290.162692816113,6291.5,6289.25,-1975.25,-1896.8632445622193,-1866.0,-2042.0
2025-07-14 14:32:00+00:00,6289.25,6289.5,6286.0,6287.75,4144,-686,-2030,-2023,-2891,-2713,6288.125,6290.175096408057,6290.175096408057,6286.0,-2414.25,-1936.0566222811096,-1936.0566222811096,-2891.0
2025-07-14 14:33:00+00:00,6287.5,6289.25,6286.75,6287.0,1890,36,-2726,-2434,-2728,-2677,6287.625,6289.150048204028,6289.25,6286.75,-2641.25,-2175.1533111405547,-2175.1533111405547,-2728.0
2025-07-14 14:34:00+00:00,6287.0,6288.75,6286.25,6288.25,2352,-360,-2681,-2678,-3174,-3037,6287.5625,6288.387524102014,6288.75,6286.25,-2892.5,-2408.2016555702776,-2408.2016555702776,-3174.0
2025-07-14 14:35:00+00:00,6288.25,6290.5,6287.5,6290.0,2453,367,-3038,-2658,-3172,-2670,6289.0625,6287.975012051007,6290.5,6287.5,-2884.5,-2650.350827785139,-2650.350827785139,-3172.0
2025-07-14 14:36:00+00:00,6290.0,6291.25,6289.25,6289.75,1564,152,-2667,-2449,-2667,-2518,6290.0625,6288.5187560255035,6291.25,6288.5187560255035,-2575.25,-2767.4254138925694,-2449.0,-2767.4254138925694
2025-07-14 14:37:00+00:00,6290.0,6292.75,6290.0,6291.5,2354,648,-2509,-1762,-2533,-1870,6291.0625,6289.290628012752,6292.75,6289.290628012752,-2168.5,-2671.337706946285,-1762.0,-2671.337706946285
2025-07-14 14:38:00+00:00,6291.25,6292.5,6290.75,6292.25,1421,33,-1871,-1804,-1973,-1837,6291.6875,6290.176564006376,6292.5,6290.176564006376,-1871.25,-2419.9188534731425,-1804.0,-2419.9188534731425
2025-07-14 14:39:00+00:00,6292.0,6292.75,6290.75,6291.25,1059,15,-1841,-1721,-1847,-1822,6291.6875,6290.9320320031875,6292.75,6290.75,-1807.75,-2145.584426736571,-1721.0,-2145.584426736571
2025-07-14 14:40:00+00:00,6291.5,6293.0,6290.25,6292.25,1597,121,-1821,-1694,-1949,-1701,6291.75,6291.309766001594,6293.0,6290.25,-1791.25,-1976.6672133682855,-1694.0,-1976.6672133682855
2025-07-14 14:41:00+00:00,6292.25,6293.5,6291.5,6293.0,1101,37,-1700,-1644,-1828,-1664,6292.5625,6291.529883000797,6293.5,6291.5,-1709.0,-1883.9586066841428,-1644.0,-1883.9586066841428
2025-07-14 14:42:00+00:00,6292.75,6293.25,6291.5,6293.0,1103,-173,-1665,-1617,-1855,-1837,6292.625,6292.046191500398,6293.25,6291.5,-1743.5,-1796.4793033420715,-1617.0,-1855.0
2025-07-14 14:43:00+00:00,6293.0,6293.5,6291.25,6292.0,1326,-138,-1834,-1709,-2041,-1975,6292.4375,6292.335595750199,6293.5,6291.25,-1889.75,-1769.9896516710357,-1709.0,-2041.0
2025-07-14 14:44:00+00:00,6292.0,6292.75,6291.25,6292.25,763,25,-1974,-1946,-2005,-1950,6292.0625,6292.3865478750995,6292.75,6291.25,-1968.75,-1829.869825835518,-1829.869825835518,-2005.0
2025-07-14 14:45:00+00:00,6292.25,6294.0,6291.25,6293.75,1625,89,-1949,-1850,-2100,-1861,6292.8125,6292.22452393755,6294.0,6291.25,-1940.0,-1899.309912917759,-1850.0,-2100.0
2025-07-14 14:46:00+00:00,6293.75,6294.5,6293.5,6293.75,1594,140,-1847,-1439,-1858,-1721,6293.875,6292.518511968775,6294.5,6292.518511968775,-1716.25,-1919.6549564588795,-1439.0,-1919.6549564588795
2025-07-14 14:47:00+00:00,6294.0,6294.5,6290.75,6291.5,2365,-457,-1719,-1551,-2248,-2178,6292.6875,6293.196755984387,6294.5,6290.75,-1924.0,-1817.9524782294397,-1551.0,-2248.0
2025-07-14 14:48:00+00:00,6291.75,6292.25,6289.75,6290.5,1812,-594,-2177,-2137,-2834,-2772,6291.0625,6292.9421279921935,6292.9421279921935,6289.75,-2480.0,-1870.9762391147199,-1870.9762391147199,-2834.0
2025-07-14 14:49:00+00:00,6290.75,6291.25,6289.0,6289.75,1468,-364,-2771,-2748,-3154,-3136,6290.1875,6292.002313996097,6292.002313996097,6289.0,-2952.25,-2175.48811955736,-2175.48811955736,-3154.0
2025-07-14 14:50:00+00:00,6289.5,6290.75,6288.75,6290.0,1375,-163,-3138,-3031,-3341,-3299,6289.75,6291.094906998049,6291.094906998049,6288.75,-3202.25,-2563.86905977868,-2563.86905977868,-3341.0
2025-07-14 14:51:00+00:00,6290.0,6293.75,6290.0,6293.25,2255,617,-3300,-2682,-3314,-2682,6291.75,6290.422453499024,6293.75,6290.0,-2994.5,-2883.05952988934,-2682.0,-3314.0
2025-07-14 14:52:00+00:00,6293.5,6294.0,6292.25,6293.0,1463,107,-2678,-2540,-2701,-2575,6293.1875,6291.086226749512,6294.0,6291.086226749512,-2623.5,-2938.77976494467,-2540.0,-2938.77976494467
2025-07-14 14:53:00+00:00,6293.25,6294.5,6292.75,6294.25,1251,453,-2572,-2117,-2572,-2122,6293.6875,6292.136863374756,6294.5,6292.136863374756,-2345.75,-2781.139882472335,-2117.0,-2781.139882472335
2025-07-14 14:54:00+00:00,6294.25,6294.25,6293.25,6293.5,1070,48,-2108,-2037,-2168,-2074,6293.8125,6292.912181687378,6294.25,6292.912181687378,-2096.75,-2563.4449412361673,-2037.0,-2563.4449412361673
2025-07-14 14:55:00+00:00,6293.5,6296.75,6293.25,6296.5,2792,980,-2077,-1082,-2108,-1094,6295.0,6293.362340843689,6296.75,6293.25,-1590.25,-2330.0974706180837,-1082.0,-2330.0974706180837
2025-07-14 14:56:00+00:00,6296.5,6296.75,6295.0,6295.5,2399,-99,-1083,-821,-1275,-1193,6295.9375,6294.181170421844,6296.75,6294.181170421844,-1093.0,-1960.1737353090418,-821.0,-1960.1737353090418
2025-07-14 14:57:00+00:00,6295.5,6297.0,6294.75,6297.0,993,91,-1197,-1101,-1377,-1102,6296.0625,6295.059335210923,6297.0,6294.75,-1194.25,-1526.586867654521,-1101.0,-1526.586867654521
2025-07-14 14:58:00+00:00,6297.0,6298.0,6296.75,6297.25,2168,106,-1088,-897,-1115,-996,6297.25,6295.560917605461,6298.0,6295.560917605461,-1024.0,-1360.4184338272605,-897.0,-1360.4184338272605
2025-07-14 14:59:00+00:00,6297.25,6297.5,6296.25,6297.5,984,-34,-995,-995,-1168,-1030,6297.125,6296.40545880273,6297.5,6296.25,-1047.0,-1192.2092169136304,-995.0,-1192.2092169136304
2025-07-14 15:00:00+00:00,6297.25,6297.75,6295.5,6297.75,2329,-431,-1032,-962,-1517,-1461,6297.0625,6296.765229401365,6297.75,6295.5,-1243.0,-1119.6046084568152,-962.0,-1517.0
2025-07-14 15:01:00+00:00,6297.75,6301.0,6297.5,6299.25,5781,1061,-1447,121,-1462,-400,6298.875,6296.913864700682,6301.0,6296.913864700682,-797.0,-1181.3023042284076,121.0,-1462.0
2025-07-14 15:02:00+00:00,6299.0,6299.75,6297.75,6299.0,1791,-135,-401,-351,-638,-535,6298.875,6297.894432350341,6299.75,6297.75,-481.25,-989.1511521142038,-351.0,-989.1511521142038
2025-07-14 15:03:00+00:00,6299.0,6300.0,6298.5,6299.5,1262,-96,-528,-501,-641,-631,6299.25,6298.384716175171,6300.0,6298.384716175171,-575.25,-735.2005760571019,-501.0,-735.2005760571019
2025-07-14 15:04:00+00:00,6299.5,6300.5,6296.75,6297.0,2912,-628,-634,-364,-1263,-1259,6298.4375,6298.8173580875855,6300.5,6296.75,-880.0,-655.225288028551,-364.0,-1263.0
2025-07-14 15:05:00+00:00,6296.75,6298.0,6295.25,6296.5,2919,-315,-1260,-1161,-1690,-1574,6296.625,6298.627429043792,6298.627429043792,6295.25,-1421.25,-767.6126440142755,-767.6126440142755,-1690.0
2025-07-14 15:06:00+00:00,6296.5,6297.75,6295.75,6297.25,1627,47,-1595,-1377,-1599,-1527,6296.8125,6297.626214521896,6297.75,6295.75,-1524.5,-1094.4313220071376,-1094.4313220071376,-1599.0
2025-07-14 15:07:00+00:00,6297.25,6298.75,6296.75,6298.5,2117,659,-1526,-831,-1535,-868,6297.8125,6297.2193572609485,6298.75,6296.75,-1190.0,-1309.4656610035688,-831.0,-1535.0
2025-07-14 15:08:00+00:00,6298.25,6299.5,6297.75,6298.5,1381,411,-867,-446,-907,-457,6298.5,6297.515928630474,6299.5,6297.515928630474,-669.25,-1249.7328305017845,-446.0,-1249.7328305017845
2025-07-14 15:09:00+00:00,6298.5,6299.0,6297.5,6298.5,1058,82,-461,-371,-539,-375,6298.375,6298.007964315237,6299.0,6297.5,-436.5,-959.4914152508923,-371.0,-959.4914152508923
2025-07-14 15:10:00+00:00,6298.5,6299.75,6298.0,6298.25,1134,40,-376,-237,-376,-335,6298.625,6298.191482157618,6299.75,6298.0,-331.0,-697.9957076254461,-237.0,-697.9957076254461
2025-07-14 15:11:00+00:00,6298.5,6299.5,6298.5,6299.0,1062,-30,-334,-272,-389,-365,6298.875,6298.408241078809,6299.5,6298.408241078809,-340.0,-514.4978538127231,-272.0,-514.4978538127231
2025-07-14 15:12:00+00:00,6299.0,6300.0,6298.5,6299.5,1299,293,-370,-58,-419,-72,6299.25,6298.641620539404,6300.0,6298.5,-229.75,-427.24892690636153,-58.0,-427.24892690636153
2025-07-14 15:13:00+00:00,6299.5,6300.5,6299.25,6299.5,1131,253,-61,242,-94,181,6299.6875,6298.945810269703,6300.5,6298.945810269703,67.0,-328.49946345318074,242.0,-328.49946345318074
2025-07-14 15:14:00+00:00,6299.75,6300.5,6298.5,6299.5,1148,-20,182,306,124,161,6299.5625,6299.316655134851,6300.5,6298.5,193.25,-130.74973172659037,306.0,-130.74973172659037
2025-07-14 15:15:00+00:00,6299.25,6299.75,6298.0,6299.25,1186,-58,160,260,68,103,6299.0625,6299.439577567426,6299.75,6298.0,147.75,31.250134136704816,260.0,31.250134136704816
2025-07-14 15:16:00+00:00,6299.25,6300.75,6296.75,6297.75,1758,-228,101,311,-186,-125,6298.625,6299.251038783713,6300.75,6296.75,25.25,89.50006706835241,311.0,-186.0
2025-07-14 15:17:00+00:00,6297.5,6298.75,6297.5,6297.75,991,-163,-127,-61,-288,-288,6297.875,6298.938019391857,6298.938019391857,6297.5,-191.0,57.375033534176204,57.375033534176204,-288.0
2025-07-14 15:18:00+00:00,6298.0,6298.75,6297.0,6298.5,1080,-92,-285,-266,-437,-380,6298.0625,6298.406509695928,6298.75,6297.0,-342.0,-66.8124832329119,-66.8124832329119,-437.0
2025-07-14 15:19:00+00:00,6298.5,6299.5,6297.75,6298.75,939,219,-382,-126,-422,-161,6298.625,6298.234504847964,6299.5,6297.75,-272.75,-204.40624161645596,-126.0,-422.0
2025-07-14 15:20:00+00:00,6298.75,6299.0,6297.5,6298.0,1088,-338,-159,-155,-525,-499,6298.3125,6298.429752423982,6299.0,6297.5,-334.5,-238.578120808228,-155.0,-525.0
2025-07-14 15:21:00+00:00,6298.0,6298.75,6297.25,6297.5,587,-91,-500,-500,-617,-590,6297.875,6298.3711262119905,6298.75,6297.25,-551.75,-286.539060404114,-286.539060404114,-617.0
2025-07-14 15:22:00+00:00,6297.75,6298.25,6297.25,6297.75,507,-61,-564,-564,-684,-651,6297.75,6298.123063105995,6298.25,6297.25,-615.75,-419.144530202057,-419.144530202057,-684.0
2025-07-14 15:23:00+00:00,6298.0,6300.25,6297.75,6299.75,1228,242,-648,-393,-692,-409,6298.9375,6297.936531552998,6300.25,6297.75,-535.5,-517.4472651010285,-393.0,-692.0
2025-07-14 15:24:00+00:00,6299.75,6300.0,6299.0,6300.0,819,143,-412,-260,-412,-266,6299.6875,6298.437015776499,6300.0,6298.437015776499,-337.5,-526.4736325505143,-260.0,-526.4736325505143
2025-07-14 15:25:00+00:00,6299.75,6300.5,6299.25,6299.5,1138,106,-269,-96,-270,-160,6299.75,6299.062257888249,6300.5,6299.062257888249,-198.75,-431.9868162752571,-96.0,-431.9868162752571
2025-07-14 15:26:00+00:00,6299.25,6302.0,6299.25,6301.25,2106,812,-161,759,-161,652,6300.4375,6299.406128944125,6302.0,6299.25,272.25,-315.36840813762853,759.0,-315.36840813762853
2025-07-14 15:27:00+00:00,6301.25,6301.5,6300.75,6301.5,936,-4,653,681,597,648,6301.25,6299.921814472063,6301.5,6299.921814472063,644.75,-21.559204068814267,681.0,-21.559204068814267
2025-07-14 15:28:00+00:00,6301.5,6303.75,6301.25,6303.75,2809,1051,663,1699,578,1699,6302.5625,6300.585907236031,6303.75,6300.585907236031,1159.75,311.59539796559284,1699.0,311.59539796559284
2025-07-14 15:29:00+00:00,6303.75,6304.25,6302.75,6304.25,1872,246,1698,1945,1560,1945,6303.75,6301.574203618015,6304.25,6301.574203618015,1787.0,735.6726989827964,1945.0,735.6726989827964
2025-07-14 15:30:00+00:00,6304.25,6305.0,6303.0,6304.25,2646,106,1946,2432,1946,2051,6304.125,6302.662101809008,6305.0,6302.662101809008,2093.75,1261.3363494913983,2432.0,1261.3363494913983
2025-07-14 15:31:00+00:00,6304.25,6304.75,6302.25,6304.0,2395,-533,2075,2083,1429,1518,6303.8125,6303.393550904504,6304.75,6302.25,1776.25,1677.5431747456992,2083.0,1429.0
2025-07-14 15:32:00+00:00,6304.25,6304.25,6302.5,6303.25,1085,-263,1519,1528,1194,1255,6303.5625,6303.603025452252,6304.25,6302.5,1374.0,1726.8965873728496,1726.8965873728496,1194.0
2025-07-14 15:33:00+00:00,6303.5,6303.75,6302.0,6302.75,1103,-117,1265,1285,1054,1138,6303.0,6303.582762726126,6303.75,6302.0,1185.5,1550.4482936864247,1550.4482936864247,1054.0
2025-07-14 15:34:00+00:00,6303.0,6303.5,6302.5,6302.5,885,-5,1146,1350,1133,1133,6302.875,6303.291381363063,6303.5,6302.5,1190.5,1367.9741468432123,1367.9741468432123,1133.0
2025-07-14 15:35:00+00:00,6302.75,6304.25,6301.0,6303.25,2846,-284,1144,1158,485,849,6302.8125,6303.083190681531,6304.25,6301.0,909.0,1279.237073421606,1279.237073421606,485.0
2025-07-14 15:36:00+00:00,6303.5,6304.5,6303.25,6304.5,1289,121,851,1065,851,970,6303.9375,6302.9478453407655,6304.5,6302.9478453407655,934.25,1094.118536710803,1094.118536710803,851.0
2025-07-14 15:37:00+00:00,6304.5,6304.75,6303.0,6303.5,970,20,971,1043,829,990,6303.9375,6303.442672670382,6304.75,6303.0,958.25,1014.1842683554015,1043.0,829.0
2025-07-14 15:38:00+00:00,6303.5,6304.75,6303.5,6304.25,682,24,989,1056,955,1014,6304.0,6303.690086335191,6304.75,6303.5,1003.5,986.2171341777007,1056.0,955.0
2025-07-14 15:39:00+00:00,6304.25,6306.0,6304.25,6305.25,1596,524,1013,1635,1000,1538,6304.9375,6303.845043167596,6306.0,6303.845043167596,1296.5,994.8585670888504,1635.0,994.8585670888504
2025-07-14 15:40:00+00:00,6305.0,6306.5,6305.0,6306.5,1576,402,1536,1946,1459,1940,6305.75,6304.391271583798,6306.5,6304.391271583798,1720.25,1145.6792835444253,1946.0,1145.6792835444253
2025-07-14 15:41:00+00:00,6306.25,6306.75,6305.5,6306.75,1666,-12,1936,2067,1770,1928,6306.3125,6305.070635791899,6306.75,6305.070635791899,1925.25,1432.9646417722126,2067.0,1432.9646417722126
2025-07-14 15:42:00+00:00,6306.5,6306.75,6304.75,6305.75,1068,-208,1927,1938,1629,1720,6305.9375,6305.691567895949,6306.75,6304.75,1803.5,1679.1073208861062,1938.0,1629.0
2025-07-14 15:43:00+00:00,6305.5,6306.25,6305.25,6305.75,690,34,1719,1815,1714,1754,6305.6875,6305.814533947974,6306.25,6305.25,1750.5,1741.303660443053,1815.0,1714.0
2025-07-14 15:44:00+00:00,6305.75,6305.75,6304.25,6304.5,1099,-115,1755,1892,1596,1639,6305.0625,6305.751016973987,6305.751016973987,6304.25,1720.5,1745.9018302215266,1892.0,1596.0
2025-07-14 15:45:00+00:00,6304.25,6304.75,6302.25,6302.5,2477,-553,1637,1687,1032,1086,6303.4375,6305.406758486994,6305.406758486994,6302.25,1360.5,1733.2009151107632,1733.2009151107632,1032.0
2025-07-14 15:46:00+00:00,6302.5,6304.25,6302.25,6302.5,1676,32,1091,1340,1059,1118,6302.875,6304.422129243497,6304.422129243497,6302.25,1152.0,1546.8504575553816,1546.8504575553816,1059.0
2025-07-14 15:47:00+00:00,6302.5,6304.25,6302.25,6304.0,1250,106,1117,1224,979,1224,6303.25,6303.648564621748,6304.25,6302.25,1136.0,1349.4252287776908,1349.4252287776908,979.0
2025-07-14 15:48:00+00:00,6304.0,6304.5,6302.75,6302.75,948,-326,1222,1222,897,898,6303.5,6303.449282310874,6304.5,6302.75,1059.75,1242.7126143888454,1242.7126143888454,897.0
2025-07-14 15:49:00+00:00,6303.0,6303.25,6302.25,6303.0,745,-29,899,934,854,869,6302.875,6303.474641155437,6303.474641155437,6302.25,889.0,1151.2313071944227,1151.2313071944227,854.0
2025-07-14 15:50:00+00:00,6303.0,6303.0,6302.5,6302.5,689,-49,870,870,763,820,6302.75,6303.1748205777185,6303.1748205777185,6302.5,830.75,1020.1156535972113,1020.1156535972113,763.0
2025-07-14 15:51:00+00:00,6302.5,6303.75,6302.5,6303.5,1216,280,800,1148,754,1100,6303.0625,6302.962410288859,6303.75,6302.5,950.5,925.4328267986057,1148.0,754.0
2025-07-14 15:52:00+00:00,6303.5,6303.5,6302.5,6303.25,503,5,1101,1128,1002,1105,6303.1875,6303.01245514443,6303.5,6302.5,1084.0,937.9664133993028,1128.0,937.9664133993028
2025-07-14 15:53:00+00:00,6303.5,6304.0,6302.5,6303.25,489,-141,1109,1127,934,964,6303.3125,6303.099977572215,6304.0,6302.5,1033.5,1010.9832066996514,1127.0,934.0
2025-07-14 15:54:00+00:00,6303.0,6303.5,6301.75,6302.5,1225,-429,954,991,533,535,6302.6875,6303.206238786108,6303.5,6301.75,753.25,1022.2416033498257,1022.2416033498257,533.0
2025-07-14 15:55:00+00:00,6302.5,6302.75,6300.5,6301.0,1781,-483,536,565,24,52,6301.6875,6302.946869393054,6302.946869393054,6300.5,294.25,887.7458016749129,887.7458016749129,24.0
2025-07-14 15:56:00+00:00,6301.0,6302.5,6300.75,6301.0,1511,-123,55,164,-73,-71,6301.3125,6302.317184696527,6302.5,6300.75,18.75,590.9979008374564,590.9979008374564,-73.0
2025-07-14 15:57:00+00:00,6301.0,6302.25,6300.25,6302.0,1349,67,-72,62,-251,-4,6301.375,6301.8148423482635,6302.25,6300.25,-66.25,304.8739504187282,304.8739504187282,-251.0
2025-07-14 15:58:00+00:00,6302.0,6302.0,6301.25,6302.0,612,14,-3,13,-51,10,6301.8125,6301.594921174132,6302.0,6301.25,-7.75,119.3119752093641,119.3119752093641,-51.0
2025-07-14 15:59:00+00:00,6302.25,6302.5,6301.75,6302.25,791,143,33,218,33,153,6302.1875,6301.703710587066,6302.5,6301.703710587066,109.25,55.78098760468205,218.0,33.0
2025-07-14 16:00:00+00:00,6302.0,6302.5,6300.75,6301.5,850,-102,118,156,29,51,6301.6875,6301.945605293533,6302.5,6300.75,88.5,82.51549380234103,156.0,29.0
2025-07-14 16:01:00+00:00,6301.5,6302.25,6301.25,6301.5,441,81,50,160,49,132,6301.625,6301.8165526467665,6302.25,6301.25,97.75,85.50774690117052,160.0,49.0
2025-07-14 16:02:00+00:00,6301.25,6303.5,6301.25,6303.25,1521,375,130,675,130,507,6302.3125,6301.720776323384,6303.5,6301.25,360.5,91.62887345058526,675.0,91.62887345058526
2025-07-14 16:03:00+00:00,6303.25,6303.75,6302.25,6303.0,892,140,508,665,458,647,6303.0625,6302.016638161692,6303.75,6302.016638161692,569.5,226.06443672529264,665.0,226.06443672529264
2025-07-14 16:04:00+00:00,6303.25,6304.25,6302.75,6303.25,1195,259,648,1016,648,906,6303.375,6302.5395690808455,6304.25,6302.5395690808455,804.5,397.7822183626463,1016.0,397.7822183626463
2025-07-14 16:05:00+00:00,6303.25,6304.0,6303.0,6303.25,838,136,908,1056,900,1042,6303.375,6302.957284540423,6304.0,6302.957284540423,976.5,601.1411091813231,1056.0,601.1411091813231
2025-07-14 16:06:00+00:00,6303.5,6304.5,6303.5,6304.25,514,128,1046,1181,1045,1170,6303.9375,6303.166142270211,6304.5,6303.166142270211,1110.5,788.8205545906616,1181.0,788.8205545906616
2025-07-14 16:07:00+00:00,6304.25,6305.5,6303.75,6305.5,1564,578,1174,1799,1140,1748,6304.75,6303.5518211351055,6305.5,6303.5518211351055,1465.25,949.6602772953308,1799.0,949.6602772953308
2025-07-14 16:08:00+00:00,6305.5,6305.5,6304.25,6304.75,882,-260,1749,1759,1456,1488,6305.0,6304.150910567552,6305.5,6304.150910567552,1613.0,1207.4551386476655,1759.0,1207.4551386476655
2025-07-14 16:09:00+00:00,6304.75,6306.0,6304.5,6305.75,1029,193,1486,1701,1450,1681,6305.25,6304.575455283776,6306.0,6304.5,1579.5,1410.2275693238328,1701.0,1410.2275693238328
2025-07-14 16:10:00+00:00,6305.75,6306.0,6304.5,6304.75,1052,2,1683,1741,1592,1683,6305.25,6304.912727641888,6306.0,6304.5,1674.75,1494.8637846619163,1741.0,1494.8637846619163
2025-07-14 16:11:00+00:00,6304.75,6304.75,6301.5,6301.5,2375,-525,1681,1685,1047,1158,6303.125,6305.081363820944,6305.081363820944,6301.5,1392.75,1584.8068923309581,1685.0,1047.0
2025-07-14 16:12:00+00:00,6301.5,6303.0,6300.75,6303.0,1421,-167,1157,1157,857,991,6302.0625,6304.103181910472,6304.103181910472,6300.75,1040.5,1488.7784461654792,1488.7784461654792,857.0
2025-07-14 16:13:00+00:00,6302.75,6304.25,6302.25,6303.5,781,103,989,1118,945,1094,6303.1875,6303.082840955236,6304.25,6302.25,1036.5,1264.6392230827396,1264.6392230827396,945.0
2025-07-14 16:14:00+00:00,6303.5,6303.75,6302.75,6303.25,574,-134,1091,1091,960,960,6303.3125,6303.135170477618,6303.75,6302.75,1025.5,1150.5696115413698,1150.5696115413698,960.0
2025-07-14 16:15:00+00:00,6303.0,6303.5,6301.25,6301.5,851,-321,959,995,638,639,6302.3125,6303.2238352388085,6303.5,6301.25,807.75,1088.034805770685,1088.034805770685,638.0
2025-07-14 16:16:00+00:00,6301.25,6302.0,6300.75,6301.0,1163,-5,622,744,596,634,6301.25,6302.768167619404,6302.768167619404,6300.75,649.0,947.8924028853424,947.8924028853424,596.0
2025-07-14 16:17:00+00:00,6300.75,6301.75,6300.75,6301.75,637,-69,633,633,539,565,6301.25,6302.009083809702,6302.009083809702,6300.75,592.5,798.4462014426713,798.4462014426713,539.0
2025-07-14 16:18:00+00:00,6301.75,6302.5,6301.5,6302.0,482,92,567,713,567,657,6301.9375,6301.629541904851,6302.5,6301.5,626.0,695.4731007213356,713.0,567.0
2025-07-14 16:19:00+00:00,6302.25,6302.5,6301.5,6302.0,372,-102,669,669,549,555,6302.0625,6301.7835209524255,6302.5,6301.5,610.5,660.7365503606678,669.0,549.0
2025-07-14 16:20:00+00:00,6302.25,6303.25,6301.5,6303.25,581,111,560,666,494,666,6302.5625,6301.923010476213,6303.25,6301.5,596.5,635.618275180334,666.0,494.0
2025-07-14 16:21:00+00:00,6303.25,6304.0,6302.5,6303.75,609,115,669,800,629,781,6303.375,6302.242755238107,6304.0,6302.242755238107,719.75,616.059137590167,800.0,616.059137590167
2025-07-14 16:22:00+00:00,6303.75,6303.75,6302.25,6302.25,604,-164,783,795,617,617,6303.0,6302.808877619053,6303.75,6302.25,703.0,667.9045687950835,795.0,617.0
2025-07-14 16:23:00+00:00,6302.25,6302.75,6302.0,6302.75,346,-96,611,615,513,521,6302.4375,6302.904438809526,6302.904438809526,6302.0,565.0,685.4522843975417,685.4522843975417,513.0
2025-07-14 16:24:00+00:00,6302.5,6302.75,6301.5,6302.0,330,-114,519,525,395,407,6302.1875,6302.670969404763,6302.75,6301.5,461.5,625.2261421987708,625.2261421987708,395.0
2025-07-14 16:25:00+00:00,6302.0,6303.25,6301.25,6303.0,529,65,404,499,359,472,6302.375,6302.429234702382,6303.25,6301.25,433.5,543.3630710993855,543.3630710993855,359.0
2025-07-14 16:26:00+00:00,6303.0,6303.0,6301.5,6302.0,525,-97,473,473,342,375,6302.375,6302.402117351191,6303.0,6301.5,415.75,488.43153554969274,488.43153554969274,342.0
2025-07-14 16:27:00+00:00,6302.0,6302.5,6301.0,6301.5,607,-179,335,359,154,196,6301.75,6302.388558675595,6302.5,6301.0,261.0,452.09076777484637,452.09076777484637,154.0
2025-07-14 16:28:00+00:00,6301.5,6302.5,6301.0,6302.0,476,-22,201,231,147,174,6301.75,6302.0692793377975,6302.5,6301.0,188.25,356.5453838874232,356.5453838874232,147.0
2025-07-14 16:29:00+00:00,6302.0,6302.25,6301.25,6301.5,266,-74,172,203,97,100,6301.75,6301.909639668898,6302.25,6301.25,143.0,272.3976919437116,272.3976919437116,97.0
2025-07-14 16:30:00+00:00,6301.5,6302.25,6300.5,6300.5,814,-262,99,115,-162,-162,6301.1875,6301.829819834449,6302.25,6300.5,-27.5,207.6988459718558,207.6988459718558,-162.0
2025-07-14 16:31:00+00:00,6300.5,6301.25,6299.25,6299.5,2154,-812,-155,-77,-975,-974,6300.125,6301.508659917225,6301.508659917225,6299.25,-545.25,90.0994229859279,90.0994229859279,-975.0
2025-07-14 16:32:00+00:00,6299.5,6300.0,6298.75,6298.75,1382,-340,-973,-973,-1314,-1314,6299.25,6300.816829958612,6300.816829958612,6298.75,-1143.5,-227.57528850703605,-227.57528850703605,-1314.0
2025-07-14 16:33:00+00:00,6299.0,6300.25,6298.75,6300.0,942,-2,-1313,-1165,-1381,-1316,6299.5,6300.033414979306,6300.25,6298.75,-1293.75,-685.537644253518,-685.537644253518,-1381.0
2025-07-14 16:34:00+00:00,6299.75,6301.0,6299.5,6299.75,673,-9,-1318,-1201,-1343,-1325,6300.0,6299.766707489653,6301.0,6299.5,-1296.75,-989.643822126759,-989.643822126759,-1343.0
2025-07-14 16:35:00+00:00,6299.75,6301.25,6299.75,6300.5,846,100,-1326,-1095,-1337,-1225,6300.3125,6299.883353744826,6301.25,6299.75,-1245.75,-1143.1969110633795,-1095.0,-1337.0
2025-07-14 16:36:00+00:00,6300.5,6300.75,6299.75,6300.25,326,50,-1224,-1172,-1277,-1175,6300.3125,6300.097926872413,6300.75,6299.75,-1212.0,-1194.4734555316898,-1172.0,-1277.0
2025-07-14 16:37:00+00:00,6300.5,6301.25,6300.0,6300.5,494,8,-1155,-1048,-1193,-1167,6300.5625,6300.205213436207,6301.25,6300.0,-1140.75,-1203.236727765845,-1048.0,-1203.236727765845
2025-07-14 16:38:00+00:00,6300.75,6300.75,6299.75,6300.25,385,25,-1139,-1134,-1178,-1142,6300.375,6300.383856718103,6300.75,6299.75,-1148.25,-1171.9933638829225,-1134.0,-1178.0
2025-07-14 16:39:00+00:00,6300.25,6300.75,6300.0,6300.0,366,28,-1143,-1093,-1151,-1114,6300.25,6300.379428359051,6300.75,6300.0,-1125.25,-1160.1216819414612,-1093.0,-1160.1216819414612
2025-07-14 16:40:00+00:00,6300.0,6302.75,6299.75,6302.25,1605,621,-1116,-479,-1157,-493,6301.1875,6300.314714179525,6302.75,6299.75,-811.25,-1142.6858409707306,-479.0,-1157.0
2025-07-14 16:41:00+00:00,6302.5,6303.75,6302.5,6303.75,1875,537,-490,100,-490,44,6303.125,6300.751107089763,6303.75,6300.751107089763,-209.0,-976.9679204853653,100.0,-976.9679204853653
2025-07-14 16:42:00+00:00,6303.75,6304.25,6302.5,6303.25,1169,209,45,305,45,253,6303.4375,6301.938053544882,6304.25,6301.938053544882,162.0,-592.9839602426827,305.0,-592.9839602426827
2025-07-14 16:43:00+00:00,6303.5,6304.25,6303.25,6304.0,424,160,257,466,257,413,6303.75,6302.687776772441,6304.25,6302.687776772441,348.25,-215.49198012134133,466.0,-215.49198012134133
2025-07-14 16:44:00+00:00,6303.75,6304.0,6302.0,6302.5,688,-132,412,431,237,281,6303.0625,6303.21888838622,6304.0,6302.0,340.25,66.37900993932934,431.0,66.37900993932934
2025-07-14 16:45:00+00:00,6302.25,6303.5,6302.0,6302.5,668,-116,277,368,165,165,6302.5625,6303.14069419311,6303.5,6302.0,243.75,203.31450496966465,368.0,165.0
2025-07-14 16:46:00+00:00,6302.25,6303.5,6302.0,6303.25,487,131,153,314,132,296,6302.75,6302.8515970965545,6303.5,6302.0,223.75,223.53225248483233,314.0,132.0
2025-07-14 16:47:00+00:00,6303.25,6303.5,6302.0,6302.5,718,-60,292,340,190,236,6302.8125,6302.800798548277,6303.5,6302.0,264.5,223.64112624241616,340.0,190.0
2025-07-14 16:48:00+00:00,6302.5,6303.75,6302.5,6303.5,642,64,234,311,223,300,6303.0625,6302.806649274138,6303.75,6302.5,267.0,244.07056312120807,311.0,223.0
2025-07-14 16:49:00+00:00,6303.75,6305.5,6303.5,6305.5,1584,462,320,826,291,762,6304.5625,6302.934574637069,6305.5,6302.934574637069,549.75,255.53528156060403,826.0,255.53528156060403
2025-07-14 16:50:00+00:00,6305.5,6305.5,6304.75,6305.0,880,48,763,917,763,810,6305.1875,6303.7485373185345,6305.5,6303.7485373185345,813.25,402.64264078030203,917.0,402.64264078030203
2025-07-14 16:51:00+00:00,6305.0,6305.75,6304.75,6305.25,568,56,822,910,822,866,6305.1875,6304.468018659267,6305.75,6304.468018659267,855.0,607.946320390151,910.0,607.946320390151
2025-07-14 16:52:00+00:00,6305.25,6305.75,6305.0,6305.5,383,69,867,935,860,935,6305.375,6304.827759329633,6305.75,6304.827759329633,899.25,731.4731601950755,935.0,731.4731601950755
2025-07-14 16:53:00+00:00,6305.25,6306.75,6305.25,6306.25,1403,635,928,1588,914,1570,6305.875,6305.101379664817,6306.75,6305.101379664817,1250.0,815.3615800975377,1588.0,815.3615800975377
2025-07-14 16:54:00+00:00,6306.25,6307.75,6306.0,6306.5,1639,471,1568,2131,1489,2041,6306.625,6305.488189832408,6307.75,6305.488189832408,1807.25,1032.6807900487688,2131.0,1032.6807900487688
2025-07-14 16:55:00+00:00,6306.75,6306.75,6305.5,6305.75,1006,-232,2042,2054,1757,1809,6306.1875,6306.056594916205,6306.75,6305.5,1915.5,1419.9653950243844,2054.0,1419.9653950243844
2025-07-14 16:56:00+00:00,6306.0,6307.75,6305.75,6307.75,991,269,1814,2082,1746,2078,6306.8125,6306.122047458102,6307.75,6305.75,1930.0,1667.7326975121923,2082.0,1667.7326975121923
2025-07-14 16:57:00+00:00,6307.75,6307.75,6306.25,6307.0,894,-94,2080,2104,1937,1984,6307.1875,6306.467273729051,6307.75,6306.25,2026.25,1798.8663487560962,2104.0,1798.8663487560962
2025-07-14 16:58:00+00:00,6306.75,6306.75,6306.0,6306.0,447,-107,1983,1983,1855,1877,6306.375,6306.827386864526,6306.827386864526,6306.0,1924.5,1912.558174378048,1983.0,1855.0
2025-07-14 16:59:00+00:00,6306.25,6306.5,6305.25,6305.75,639,-133,1878,1922,1742,1744,6305.9375,6306.601193432263,6306.601193432263,6305.25,1821.5,1918.529087189024,1922.0,1742.0
