timestamp,ha_open,ha_high,ha_low,ha_close,volume,delta,ha_cvd_open,ha_cvd_high,ha_cvd_low,ha_cvd_close,ha_ema_8,ha_ema_9,ha_ema_13,ha_ema_21,ha_ema_22,ha_ema_50,ha_ema_100,ha_ema_200,ha_cvd_ema_8,ha_cvd_ema_9,ha_cvd_ema_13,ha_cvd_ema_21,ha_cvd_ema_22,ha_cvd_ema_50,ha_cvd_ema_100,ha_cvd_ema_200
2025-07-14 13:30:00+00:00,6293.5,6293.125,6296.5,6291.25,10422,-1212,-398.25,-617.5,856.0,-1214.0,6291.25,6291.25,6291.25,6291.25,6291.25,6291.25,6291.25,6291.25,-1214.0,-1214.0,-1214.0,-1214.0,-1214.0,-1214.0,-1214.0,-1214.0
2025-07-14 13:31:00+00:00,6292.375,6293.3125,6296.0,6290.25,7610,-108,-1036.75,-507.875,-269.0,-1348.0,6291.027777777777,6291.05,6291.107142857143,6291.159090909091,6291.163043478261,6291.2107843137255,6291.230198019802,6291.240049751244,-1243.7777777777778,-1240.8000000000002,-1233.142857142857,-1226.1818181818182,-1225.6521739130435,-1219.2549019607843,-1216.6534653465346,-1215.3333333333335
2025-07-14 13:32:00+00:00,6291.75,6292.84375,6293.0,6290.25,3015,199,-1212.5,-772.3125,-772.3125,-1337.0,6290.854938271605,6290.89,6290.984693877552,6291.076446280992,6291.083648393195,6291.173106497501,6291.210788158023,6291.230198509938,-1264.4938271604938,-1260.0400000000002,-1247.9795918367347,-1236.2561983471076,-1235.3345935727789,-1223.8723567858517,-1219.036565042643,-1216.5439469320067
2025-07-14 13:33:00+00:00,6293.6875,6292.296875,6295.5,6292.296875,3098,72,-1023.25,-992.40625,-808.0,-1118.0,6291.175368655692,6291.171375000001,6291.172148323616,6291.187394346356,6291.189146359005,6291.21717585054,6291.232294828162,6291.240812206357,-1231.9396433470506,-1231.6320000000003,-1229.4110787172012,-1225.505634861007,-1225.1315854360155,-1219.720499656995,-1217.0358409823925,-1215.5634101466137
2025-07-14 13:34:00+00:00,6291.625,6292.9921875,6293.75,6289.25,3089,-931,-1505.0,-1007.828125,-1007.828125,-1998.0,6290.747508954428,6290.787100000001,6290.897555705957,6291.011267587596,6291.020524936483,6291.140031699539,6291.193041465228,6291.221003129677,-1402.1752781588173,-1384.9056000000003,-1339.2094960433153,-1295.732395328188,-1292.337534528536,-1250.2412643763284,-1232.5004777946224,-1223.3488488516225
2025-07-14 13:35:00+00:00,6290.0625,6292.30859375,6292.30859375,6287.5,4492,-290,-2225.75,-1256.4140625,-1256.4140625,-2717.0,6290.025840297888,6290.129680000002,6290.412190605106,6290.692061443269,6290.714392333311,6290.99728535838,6291.119911931263,6291.183978222914,-1694.35854967908,-1651.3244800000002,-1536.0367108942703,-1424.9385412074437,-1416.2212271782287,-1307.761214792943,-1261.896507937303,-1238.2110493605617
2025-07-14 13:36:00+00:00,6292.5,6291.185546875,6294.5,6290.5,3529,717,-1920.25,-1741.08203125,-1518.0,-2341.0,6290.13120912058,6290.203744000002,6290.424734804377,6290.674601312063,6290.695749521718,6290.977783971777,6291.107636447476,6291.177172469453,-1838.0566497503955,-1789.2595840000004,-1651.0314664808031,-1508.2168556431307,-1496.6367726409915,-1348.2803828402787,-1283.2648939187427,-1249.1840737450339
2025-07-14 13:37:00+00:00,6292.875,6291.8427734375,6294.0,6291.75,2515,-15,-1537.5,-1830.666015625,-1410.0,-1830.666015625,6290.4909404271175,6290.5129952000025,6290.614058403752,6290.772364829148,6290.787423476352,6291.008066953276,6291.120356517823,6291.182872245877,-1836.4142866114187,-1797.5408703250005,-1676.6935449299742,-1537.5304156414825,-1525.6827937700357,-1367.1974664788952,-1294.1045200911437,-1254.9699637139888
2025-07-14 13:38:00+00:00,6291.875,6292.35888671875,6292.75,6291.0,2113,-251,-1698.75,-1684.0830078125,-1561.0,-1845.0,6290.604064776647,6290.610396160002,6290.669192917502,6290.793058935588,6290.805908391452,6291.007750602168,6291.11797322044,6291.18105262154,-1838.3222229199923,-1807.0326962600004,-1700.7373242256922,-1565.4821960377112,-1553.44950735525,-1385.9348207346247,-1305.0133414754775,-1260.8409093486755
2025-07-14 13:39:00+00:00,6291.875,6292.116943359375,6293.0,6290.0,2216,-226,-1966.25,-1691.41650390625,-1691.41650390625,-2185.0,6290.469828159614,6290.488316928002,6290.573593929288,6290.720962668716,6290.735829400892,6290.9682309707105,6291.095835136867,6291.169300854162,-1915.3617289377719,-1882.6261570080005,-1769.9177064791647,-1621.8019963979193,-1608.366941498272,-1417.2707101175806,-1322.4388198621018,-1270.0365221909774
2025-07-14 13:40:00+00:00,6291.6875,6291.9959716796875,6293.75,6289.75,2136,-246,-2141.0,-1828.833251953125,-1828.833251953125,-2329.0,6290.309866346366,6290.340653542402,6290.455937653676,6290.632693335197,6290.650105105163,6290.920457207153,6291.069184936137,6291.155178457604,-2007.2813447293781,-1971.9009256064005,-1849.7866055535699,-1686.0927239981083,-1671.0306857158137,-1453.0247999168912,-1342.3707244192879,-1280.573472218928
2025-07-14 13:41:00+00:00,6289.875,6291.841735839844,6291.841735839844,6288.75,2441,-125,-2353.5,-1984.9166259765625,-1984.9166259765625,-2514.0,6289.963229380507,6290.022522833922,6290.21223227458,6290.461539395633,6290.48487857428,6290.835341238245,6291.023260481957,6291.131246333648,-2119.885490345072,-2080.3207404851205,-1944.6742333316315,-1761.357021816462,-1744.3323652187864,-1494.6316705083857,-1365.5713041337574,-1292.846372992869
2025-07-14 13:42:00+00:00,6286.6875,6290.858367919922,6290.858367919922,6283.5,5770,-1740,-3302.25,-2169.2083129882812,-2169.2083129882812,-4239.0,6288.526956184839,6288.718018267138,6289.25334194964,6289.828672177848,6289.87749782869,6290.547680797529,6290.874285026868,6291.055313534309,-2590.799825823945,-2512.0565923880968,-2272.4350571413984,-1986.59729256042,-1961.2599856345441,-1602.2539579394295,-1422.4708822697226,-1322.1613344556265
2025-07-14 13:43:00+00:00,6282.875,6288.772933959961,6288.772933959961,6280.25,8544,232,-4183.0,-2735.7291564941406,-2735.7291564941406,-4729.0,6286.6876325882085,6287.024414613711,6287.967150242549,6288.957883798043,6289.040324104457,6290.1438501780185,6290.663903145148,6290.9477979767535,-3065.9554200852904,-2955.4452739104777,-2623.372906121199,-2235.906629600382,-2201.9330303619754,-1724.8714497849421,-1487.9467063831933,-1356.060226650098
2025-07-14 13:44:00+00:00,6283.0,6285.8239669799805,6285.8239669799805,6281.5,4058,-62,-3861.5,-3459.3645782470703,-3459.3645782470703,-4006.0,6285.534825346384,6285.919531690969,6287.043271636471,6288.279894361857,6288.384643747548,6289.804875661233,6290.482439716531,6290.853790036686,-3274.8542156218923,-3165.5562191283825,-2820.891062389599,-2396.82420872762,-2358.8084190261516,-1814.3274713620033,-1537.8091478409517,-1382.4277865839279
2025-07-14 13:45:00+00:00,6283.3125,6284.41198348999,6286.0,6280.25,6108,-40,-4169.5,-3660.432289123535,-3660.432289123535,-4695.0,6284.360419713855,6284.785625352776,6286.072804259833,6287.549903965325,6287.6772834216745,6289.430174654911,6290.279817147887,6290.748279688063,-3590.4421677059163,-3471.444975302706,-3088.6209106196566,-2605.7492806614723,-2561.9555130238778,-1927.2950215046699,-1600.3277785767743,-1415.3887041303565
2025-07-14 13:46:00+00:00,6284.75,6283.862241744995,6285.75,6282.75,2921,-255,-4174.5,-3914.9661445617676,-3914.9661445617676,-4385.0,6284.002548666332,6284.3785002822215,6285.598117937,6287.113549059386,6287.248823993703,6289.168207021385,6290.13071185783,6290.668694815546,-3767.0105748823794,-3654.1559802421652,-3273.8179233882774,-2767.499346055884,-2720.481120587019,-2023.6756088966438,-1655.4698027633729,-1444.9370752335371
2025-07-14 13:47:00+00:00,6286.4375,6284.306120872498,6288.75,6283.75,4236,806,-3870.5,-4044.733072280884,-3339.0,-4393.0,6283.94642674048,6284.252800225778,6285.334101088857,6286.807771872169,6286.944578429034,6288.955728314664,6290.004361127972,6290.599852081063,-3906.1193360196285,-3801.924784193732,-3433.7010771899522,-2915.2721327780764,-2865.9175448838005,-2116.5902909006973,-1709.6783215205337,-1474.2710346839497
2025-07-14 13:48:00+00:00,6290.375,6285.371810436249,6292.75,6285.371810436249,4839,853,-3031.25,-3957.616536140442,-2527.0,-3957.616536140442,6284.263178672873,6284.476602267872,6285.339488138485,6286.677229923449,6286.807815994879,6288.815182515511,6289.912627450908,6290.547831766189,-3917.5631582686983,-3833.0631345830743,-3508.546142754308,-3010.0307149019277,-2960.8478919495956,-2188.7873985571578,-1754.191949532809,-1498.980940171079
2025-07-14 13:49:00+00:00,6293.4375,6287.873405218124,6294.75,6287.873405218124,4189,965,-2130.5,-3494.433268070221,-1626.0,-3494.433268070221,6285.0654512384845,6285.155962857923,6285.701476292719,6286.785973132056,6286.900475927336,6288.778250072476,6289.872246812635,6290.521220556756,-3823.534293780148,-3765.337161280504,-3506.5300177994386,-3054.0673106444997,-3007.246620307911,-2239.989197361592,-1788.6521736622628,-1518.8361872148516
2025-07-14 13:50:00+00:00,6294.75,6290.655452609062,6296.5,6290.655452609062,3961,557,-1311.5,-2812.4666340351105,-834.0,-2812.4666340351105,6286.307673765279,6286.255860808152,6286.409187195054,6287.137743993601,6287.226995638791,6288.851865858225,6289.887755838307,6290.522556199067,-3598.852591614584,-3574.7630558314254,-3407.378105833106,-3032.103612770919,-2990.309230197233,-2262.439292917416,-1808.9257273330122,-1531.708131959332
2025-07-14 13:51:00+00:00,6295.875,6292.702726304531,6297.25,6292.702726304531,3054,790,-717.0,-2061.9833170175552,-309.0,-2061.9833170175552,6287.72879655178,6287.545233907428,6287.308264210694,6287.643651476413,6287.703146131465,6289.002879993374,6289.943497827738,6290.544249433948,-3257.326086148578,-3272.2071080686515,-3215.1788502880277,-2943.910858611522,-2909.5852377468264,-2254.578274254676,-1813.936768712904,-1536.9845019599113
2025-07-14 13:52:00+00:00,6295.5,6294.288863152266,6297.25,6293.5,3564,-738,-693.75,-1389.4916585087776,-295.0,-1389.4916585087776,6289.01128620694,6288.736187125943,6288.192797894881,6288.176046796739,6288.207220380903,6289.179237640693,6290.013923613327,6290.573659887342,-2842.251768895289,-2895.664018156677,-2954.3663943195634,-2802.600022238545,-2777.4031873783006,-2220.6533089313075,-1805.5319150454955,-1535.5169114778105
2025-07-14 13:53:00+00:00,6293.3125,6294.894431576133,6294.894431576133,6291.5,3228,-326,-1267.0,-1041.6208292543888,-1020.0,-1653.0,6289.564333716509,6289.2889497007545,6288.665255338469,6288.478224360671,6288.493549043434,6289.270247929293,6290.043350868509,6290.582877201896,-2577.973598029669,-2647.1312145253414,-2768.4569094167687,-2698.090929307768,-2679.628997171492,-2198.39239485557,-1802.5114810841985,-1536.6858974332551
2025-07-14 13:54:00+00:00,6294.125,6294.103465788066,6295.0,6293.25,1385,327,-1210.0,-1154.3104146271944,-1042.0,-1376.0,6290.383370668396,6290.081159760604,6289.320218861545,6288.912022146064,6288.90715347444,6289.426316637949,6290.106848871113,6290.609415737201,-2310.868354023076,-2392.904971620273,-2569.5344937858017,-2577.9008448252434,-2566.2699539391883,-2166.141712704371,-1794.065709181541,-1535.087032782178
2025-07-14 13:55:00+00:00,6292.75,6294.114232894033,6295.0,6290.25,2753,-753,-1434.25,-1182.1552073135972,-1017.0,-1872.0,6290.353732742086,6290.114927808484,6289.453044738468,6289.033656496422,6289.023922737532,6289.458617946265,6290.109683546932,6290.605839461209,-2213.342053129059,-2288.7239772962184,-2469.8867089592586,-2513.728040750221,-2505.8986535966505,-2154.6067435787095,-1795.608962465075,-1538.4394006151913
2025-07-14 13:56:00+00:00,6291.0625,6293.432116447017,6293.432116447017,6289.5,2799,-351,-1981.75,-1308.2026036567986,-1308.2026036567986,-2302.0,6290.164014354956,6289.991942246787,6289.459752632973,6289.076051360384,6289.065320760356,6289.460240771902,6290.097610605408,6290.594836083486,-2233.043819100379,-2291.379181836975,-2445.90289339365,-2494.4800370456555,-2488.1683358925943,-2160.386871281505,-1805.636507762796,-1546.037018519518
2025-07-14 13:57:00+00:00,6290.0,6292.247308223508,6292.247308223508,6288.5,1828,-432,-2324.25,-1644.9763018283993,-1644.9763018283993,-2589.0,6289.794233387188,6289.6935537974305,6289.322645113977,6289.023683054894,6289.01616243337,6289.422584271043,6290.065974751835,6290.573991943353,-2312.145192633628,-2350.90334546958,-2466.3453371945575,-2503.0727609505957,-2496.9363066845426,-2177.195229270466,-1821.1486561239287,-1556.4147596287764
2025-07-14 13:58:00+00:00,6288.875,6291.123654111754,6291.123654111754,6287.5,2718,142,-2576.75,-1984.6131509141997,-1984.6131509141997,-2918.0,6289.284403745591,6289.254843037945,6289.0622672405525,6288.88516641354,6288.884322221773,6289.347188809434,6290.01516337061,6290.543404958842,-2446.7795942706,-2464.3226763756643,-2530.8674318810495,-2540.793419045996,-2533.5505408858867,-2206.2463967500557,-1842.8684847155341,-1569.9628714732662
2025-07-14 13:59:00+00:00,6289.25,6289.999327055877,6290.25,6288.25,1722,36,-2371.5,-2280.6815754571,-2192.0,-2453.0,6289.054536246571,6289.053874430356,6288.946229063331,6288.827424012309,6288.829163767706,6289.3041617972995,6289.980209640499,6290.520585009003,-2448.161906654911,-2462.0581411005314,-2519.7435130409,-2532.8121991327234,-2526.5461460262445,-2215.9230086422103,-1854.950296899385,-1578.7493105630845
2025-07-14 14:00:00+00:00,6289.125,6289.6246635279385,6291.0,6287.75,3231,331,-2178.0,-2326.09078772855,-1879.0,-2391.0,6288.764639302888,6288.793099544285,6288.775339197141,6288.729476374826,6288.73532344008,6289.243214275837,6289.936047073361,6290.493016998964,-2435.4592607315976,-2447.8465128804255,-2501.351582606486,-2519.9201810297486,-2514.759524632658,-2222.7887730091825,-1865.5651425053377,-1586.8314069753922
2025-07-14 14:01:00+00:00,6287.375,6289.374831763969,6289.374831763969,6285.75,3837,-523,-2377.75,-2252.045393864275,-2073.0,-2768.0,6288.094719457802,6288.184479635428,6288.3431478832645,6288.458614886205,6288.475730097464,6289.106225480707,6289.853155052107,6290.445822799969,-2509.357202791243,-2511.8772103043407,-2539.444213662702,-2542.472891845226,-2536.7804355341664,-2244.169605440195,-1883.4351396834497,-1598.5843282990202
2025-07-14 14:02:00+00:00,6287.9375,6288.374915881985,6289.75,6286.25,2571,589,-2280.0,-2314.8976969321375,-1907.0,-2606.0,6287.684781800513,6287.797583708343,6288.044126757084,6288.257831714732,6288.282188349859,6288.994216638326,6289.7818054471145,6290.404073319373,-2530.8333799487446,-2530.7017682434725,-2548.952183139459,-2548.24808349566,-2542.799528096413,-2258.3590326778344,-1897.743354739223,-1608.6083648333583
2025-07-14 14:03:00+00:00,6288.75,6288.156207940992,6289.5,6287.75,1326,-34,-1986.25,-2297.4488484660687,-1858.0,-2297.4488484660687,6287.699274733732,6287.788066966675,6288.00210864893,6288.21166519521,6288.235911102046,6288.94542382898,6289.741571675884,6290.377664629628,-2478.970150730372,-2484.051184287992,-2513.023135328975,-2525.448153038424,-2521.4646863894263,-2259.891966630314,-1905.6583150110416,-1615.462498998858
2025-07-14 14:04:00+00:00,6289.8125,6288.453103970496,6291.0,6288.453103970496,2331,497,-1794.5,-2141.8494242330344,-1545.0,-2141.8494242330344,6287.866792341902,6287.921074367439,6288.066536552011,6288.233614174781,6288.254797438433,6288.926117167863,6289.7160574638965,6290.358514772323,-2404.054433730964,-2415.6108322770006,-2459.9983194581264,-2490.575541328843,-2488.4546635932184,-2255.262847320617,-1910.335366678804,-1620.7001798469594
2025-07-14 14:05:00+00:00,6289.6875,6289.132801985248,6291.0,6288.25,2277,61,-1481.75,-1968.1747121165172,-1307.0,-1968.1747121165172,6287.951949599257,6287.986859493952,6288.09274561601,6288.235103795255,6288.254380269875,6288.899602769123,6289.687026623027,6290.337534525833,-2307.192273372198,-2326.123608244904,-2389.737804123611,-2443.0845568549953,-2443.212928682201,-2244.004489077319,-1911.4807002518278,-1624.1576378794923
2025-07-14 14:06:00+00:00,6289.25,6289.410150992624,6290.5,6287.75,1457,-97,-1550.0,-1724.9623560582586,-1480.0,-1724.9623560582586,6287.907071910533,6287.939487595162,6288.0437819565805,6288.191003450232,6288.210521115973,6288.854520307589,6289.648669660195,6290.311787913635,-2177.807847302434,-2205.891357807575,-2294.769882971418,-2377.8007204189284,-2380.7563571496844,-2223.649895625591,-1907.7872676935392,-1625.1606699011716
2025-07-14 14:07:00+00:00,6291.3125,6289.330075496312,6292.75,6289.330075496312,3074,808,-1145.0,-1637.4811780291293,-649.0,-1637.4811780291293,6288.223294929595,6288.217605175392,6288.227538176542,6288.29455545442,6288.307873670786,6288.873169530677,6289.64236086487,6290.302019630876,-2057.7352541305886,-2092.2093218518858,-2200.8714965510912,-2310.4989438380376,-2316.123732878332,-2200.6628870923964,-1902.4346718586003,-1625.2832620218478
2025-07-14 14:08:00+00:00,6291.3125,6290.3212877481565,6292.75,6290.0,1926,-174,-844.0,-1391.2405890145646,-689.0,-1391.2405890145646,6288.618118278574,6288.574084140314,6288.480747008465,6288.449595867654,6288.455015090718,6288.917358960846,6289.649442827942,6290.29901446042,-1909.6253285492498,-1952.0155752844216,-2085.2099383315876,-2226.930002490449,-2235.699111672787,-2168.9208361873834,-1892.3120167527777,-1622.954479205855
2025-07-14 14:09:00+00:00,6290.6875,6290.816893874078,6291.75,6289.75,1132,80,-921.0,-1117.6202945072823,-837.0,-1117.6202945072823,6288.869647550002,6288.809267312252,6288.662068864399,6288.567814425141,6288.567622474135,6288.950011550617,6289.651434059072,6290.2935516299685,-1733.624209873257,-1785.1365191289938,-1946.9828463566869,-2126.0836654010704,-2138.4748667018735,-2127.6933639646345,-1876.9715866093024,-1617.9262783630832
2025-07-14 14:10:00+00:00,6291.0625,6290.752196937039,6292.5,6290.25,1439,137,-793.25,-1019.3101472536412,-642.0,-1019.3101472536412,6289.1763925388905,6289.097413849802,6288.888916169485,6288.720740386491,6288.713916172036,6289.000991489809,6289.663286849981,6290.293118280417,-1574.8877515133424,-1631.9712447539234,-1814.458175056252,-2025.4678910240314,-2041.1561954455055,-2084.227355466164,-1859.9881917705763,-1611.969898949059
2025-07-14 14:11:00+00:00,6290.625,6290.90734846852,6291.5,6289.75,800,-34,-759.75,-906.2800736268206,-737.0,-906.2800736268206,6289.303860863582,6289.227931079842,6289.0119281452735,6288.814309442265,6288.804010417946,6289.030364372562,6289.66500394206,6290.287714118423,-1426.30826753856,-1486.8330105285029,-1684.718446280619,-1923.7235439879212,-1942.4713152873592,-2038.033344413641,-1841.102882500403,-1604.9481096423701
2025-07-14 14:12:00+00:00,6288.5,6290.76617423426,6291.0,6286.0,4455,-1337,-1431.75,-833.0150368134102,-755.0,-2106.0,6288.569669560564,6288.582344863874,6288.581652695949,6288.558463129331,6288.560183425082,6288.91152655403,6289.592429606574,6290.245050296349,-1577.3508747522133,-1610.6664084228023,-1744.9015253833877,-1940.29413089811,-1956.6912009145453,-2040.6987034562435,-1846.3483699756425,-1609.9337005912023
2025-07-14 14:13:00+00:00,6288.3125,6289.63308711713,6291.5,6284.75,4690,-340,-2444.5,-1132.382518406705,-1132.382518406705,-3131.0,6287.720854102661,6287.8158758910995,6288.034273739385,6288.212239208483,6288.2288631272495,6288.748329434265,6289.496539911394,6290.190373178973,-1922.606235918388,-1914.733126738242,-1942.915593185761,-2048.5401189982817,-2058.805009530672,-2083.4556170461947,-1871.7870161147387,-1625.0686886450212
2025-07-14 14:14:00+00:00,6291.125,6288.972793558565,6292.0,6288.972793558565,1863,205,-2374.75,-1788.4412592033525,-1788.4412592033525,-2583.0,6287.99906287064,6288.047259424593,6288.168347999268,6288.281380513035,6288.293552729973,6288.757131948943,6289.486168696487,6290.178257958869,-2069.3604057143016,-2048.386501390594,-2034.3562227306525,-2097.1273809075287,-2104.3871826149616,-2103.0455928483048,-1885.8704415382092,-1634.6003434843742
2025-07-14 14:15:00+00:00,6292.9375,6290.048896779283,6294.0,6290.048896779283,3452,1122,-1673.5,-2081.595629601676,-1114.0,-2233.0,6288.454581517005,6288.4475868955315,6288.436997824985,6288.442063809967,6288.446191342957,6288.8077893932705,6289.497311826839,6290.176970782953,-2105.7247600000123,-2085.309201112475,-2062.7339051977024,-2109.4794371886624,-2115.5709058658344,-2108.1418441091555,-1892.7442941810168,-1640.5545689223406
2025-07-14 14:16:00+00:00,6294.125,6291.493198389641,6295.25,6291.493198389641,2671,761,-732.75,-1877.547814800838,-348.0,-1877.547814800838,6289.129829710924,6289.056709194354,6288.873597905651,6288.719439680846,6288.711148477451,6288.913099549991,6289.536834333033,6290.190067575059,-2055.0187721779735,-2043.7569238501476,-2036.2787494267218,-2088.3947442443146,-2094.8732457732262,-2099.0989409990257,-1892.4433737972508,-1642.9127106723756
2025-07-14 14:17:00+00:00,6295.625,6292.809099194821,6297.25,6292.809099194821,2791,477,-40.75,-1305.148907400419,422.0,-1305.148907400419,6289.94744515179,6289.807187194448,6289.435812375533,6289.09122690939,6289.067492018093,6289.065883849788,6289.6016316570285,6290.216127591177,-1888.381024449628,-1896.0353205602019,-1931.83162913725,-2017.1905772585058,-2026.2015641755909,-2067.963645563786,-1880.8137804032542,-1639.5518768089732
2025-07-14 14:18:00+00:00,6295.6875,6294.217049597411,6296.5,6294.217049597411,1414,-88,80.75,-672.9494537002095,155.0,-672.9494537002095,6290.896246139706,6290.68915967504,6290.118846264373,6289.557210790119,6289.515279633686,6289.267890349695,6289.693026071689,6290.255937760393,-1618.285119838646,-1651.4181471882034,-1751.9913183605302,-1894.986838753206,-1908.5274676125143,-2013.2572066671753,-1856.895674923986,-1629.933942250677
2025-07-14 14:19:00+00:00,6295.1875,6294.952274798705,6296.0,6294.0,1528,-444,-209.75,-296.09972685010473,24.0,-479.0,6291.585969219771,6291.3513277400325,6290.673296798034,6289.961100718289,6289.905255317713,6289.453463277158,6289.7783126841305,6290.293192111036,-1365.1106487633915,-1416.934517750563,-1570.1354157375974,-1766.2607625029145,-1784.2207312983828,-1953.0902573861097,-1829.610612054204,-1618.4818632233073
2025-07-14 14:20:00+00:00,6295.375,6295.069887399352,6296.0,6294.25,1537,275,-270.0,-252.92486342505237,-133.0,-407.0,6292.177976059822,6291.931062192027,6291.184254398316,6290.3510006529905,6290.28305920313,6289.641562756486,6289.866860947811,6290.332563333812,-1152.1971712604156,-1214.9476142004505,-1403.9732134893693,-1642.6916022753767,-1664.462406837654,-1892.45926690038,-1801.4401048848138,-1606.427317320588
2025-07-14 14:21:00+00:00,6297.625,6295.222443699677,6299.5,6295.222443699677,6435,1433,643.0,-261.46243171252615,1536.0,-261.46243171252615,6292.854524424234,6292.589338493557,6291.761138584225,6290.79385911178,6290.712570898482,6289.86042083269,6289.972912091412,6290.38121885984,-954.2561180275513,-1024.2505777028657,-1240.757387521249,-1517.1253140423903,-1542.4624090006864,-1828.4986066969348,-1770.9454974952635,-1593.0445821404082
2025-07-14 14:22:00+00:00,6299.125,6296.423721849838,6299.75,6296.423721849838,2103,-373,1116.25,190.76878414373692,1310.0,190.76878414373692,6293.647679407702,6293.356215164814,6292.427221907884,6291.30566481524,6291.20919272034,6290.1178051863035,6290.100650898509,6290.441343267701,-699.8061397672651,-781.2467053335453,-1036.2536487119653,-1361.8622142072877,-1391.7466530750844,-1749.3116501933791,-1732.0996701360752,-1575.295195411213
2025-07-14 14:23:00+00:00,6298.875,6297.774360924919,6299.75,6297.774360924919,1588,218,1060.5,653.5093920718684,1253.0,653.5093920718684,6294.564719744862,6294.239844316835,6293.191098910318,6291.893728097938,6291.780076912043,6290.418062274092,6290.252605552498,6290.514308617525,-399.06935491412435,-494.29548585246255,-794.8589285999891,-1178.6466136364552,-1213.8983013231755,-1655.0833740261146,-1684.8598867260168,-1553.1180353367545
2025-07-14 14:24:00+00:00,6297.875,6298.32468046246,6298.5,6296.75,1842,-492,877.0,857.0046960359342,1150.0,561.0,6295.050337579337,6294.741875453468,6293.699513351701,6292.335207361762,6292.212244137083,6290.666373557461,6290.3812668286855,6290.576355297948,-185.7206093776523,-283.2363886819701,-601.1647959428478,-1020.4969214876864,-1059.5593185994212,-1568.1781436721494,-1640.3874137215412,-1532.0820349851451
2025-07-14 14:25:00+00:00,6296.1875,6298.09984023123,6298.25,6294.0,3512,-694,306.25,867.002348017967,867.002348017967,-123.0,6294.816929228373,6294.593500362776,6293.742440015744,6292.486552147056,6292.367701168641,6290.797104006188,6290.452924911286,6290.610421414386,-171.78269618261845,-251.1891109455761,-532.8555393795839,-938.906292261533,-978.1193778516455,-1511.504490979124,-1610.3401382023028,-1518.061318219124
2025-07-14 14:26:00+00:00,6294.8125,6297.143670115614,6297.143670115614,6294.0,1696,160,37.25,586.6261740089835,586.6261740089835,-58.0,6294.635389399846,6294.474800290221,6293.77923429921,6292.624138315505,6292.509640197455,6290.922707770652,6290.523164021954,6290.644148564492,-146.49765258648102,-212.55128875646088,-465.0190337539291,-858.8239020559391,-898.1089971688938,-1454.5043148622958,-1579.6007295250295,-1503.5333449035109
2025-07-14 14:27:00+00:00,6293.375,6295.978085057807,6295.978085057807,6291.25,3826,-1260,-565.75,311.93808700449176,311.93808700449176,-1342.0,6293.883080644325,6293.829840232177,6293.417915113609,6292.499216650459,6292.400106267242,6290.9355427600385,6290.537556813598,6290.650176936985,-412.16484090059635,-438.4410310051687,-590.3020289319393,-902.7490018690355,-936.7082148063813,-1450.0923809461274,-1574.8957645839398,-1501.926047939297
2025-07-14 14:28:00+00:00,6290.5,6294.676542528903,6294.676542528903,6288.25,4127,-861,-1655.0,-126.90595649775412,-126.90595649775412,-2304.0,6292.631284945586,6292.713872185742,6292.6796415259505,6292.112924227689,6292.039227461396,6290.830227357685,6290.492258658873,6290.626294579403,-832.5726540337971,-811.552824804135,-835.1160247988051,-1030.1354562445777,-1055.6031526493048,-1483.5789542423577,-1589.333472215941,-1509.9068832831847
2025-07-14 14:29:00+00:00,6289.0625,6292.588271264452,6292.588271264452,6288.25,2485,-427,-2233.5,-890.9529782488771,-890.9529782488771,-2499.0,6291.65766606879,6291.821097748594,6292.046835593672,6291.761749297899,6291.709729421275,6290.729041971109,6290.447857497311,6290.60264985722,-1202.8898420262865,-1149.042259843308,-1072.813735541833,-1163.6685965859797,-1181.115921984148,-1523.3993874093242,-1607.3466707859222,-1519.748605837581
2025-07-14 14:30:00+00:00,6289.5,6290.825385632226,6291.0,6287.5,3904,462,-2231.5,-1562.2264891244386,-1562.2264891244386,-2573.0,6290.733740275726,6290.9568781988755,6291.397287651719,6291.374317543544,6291.343665993339,6290.602412874203,6290.389484081523,6290.571777719338,-1507.358766020445,-1433.8338078746465,-1287.126059035857,-1291.7896332599814,-1302.1493200724829,-1564.5601957462134,-1626.4685188891713,-1530.2287192123315
2025-07-14 14:31:00+00:00,6290.1875,6290.162692816113,6291.5,6289.25,2266,-60,-1975.25,-1896.8632445622193,-1866.0,-2042.0,6290.404020214453,6290.615502559101,6291.090532272902,6291.181197766858,6291.161608080874,6290.549377075215,6290.366920040305,6290.5586257022305,-1626.1679291270127,-1555.4670462997174,-1394.9651934593062,-1359.9905756908922,-1366.4841618053106,-1583.2833253247932,-1634.6968650497818,-1535.3209707624576
2025-07-14 14:32:00+00:00,6288.125,6290.175096408057,6290.175096408057,6286.0,4144,-686,-2414.25,-1936.0566222811096,-1936.0566222811096,-2891.0,6289.425349055686,6289.692402047281,6290.3633133767735,6290.710179788052,6290.712772595582,6290.370970131089,6290.28044637614,6290.513266242507,-1907.2417226543432,-1822.573637039774,-1608.6844515365483,-1499.173250628084,-1499.0507564309357,-1634.5663321748013,-1659.5741548507763,-1548.8103143369606
2025-07-14 14:33:00+00:00,6287.625,6289.150048204028,6289.25,6286.75,1890,36,-2641.25,-2175.1533111405547,-2175.1533111405547,-2728.0,6288.830827043311,6289.103921637825,6289.84712575152,6290.350163443683,6290.368183674227,6290.228971302419,6290.21053654691,6290.475820807258,-2089.632450953378,-2003.6589096318194,-1768.586672745613,-1610.884773298258,-1605.915908045637,-1677.446083854221,-1680.7311022794738,-1560.5435450400755
2025-07-14 14:34:00+00:00,6287.5625,6288.387524102014,6288.75,6286.25,2352,-360,-2892.5,-2408.2016555702776,-2408.2016555702776,-3174.0,6288.257309922575,6288.53313731026,6289.33325064416,6289.977421312439,6290.010080746034,6290.072933212128,6290.132110080634,6290.433772839027,-2330.603017408183,-2237.7271277054556,-1969.3600052105255,-1752.986157543871,-1742.2710464764514,-1736.1344727226829,-1710.3007834224545,-1576.597838124254
2025-07-14 14:35:00+00:00,6289.0625,6287.975012051007,6290.5,6287.5,2453,367,-2884.5,-2650.350827785139,-2650.350827785139,-3172.0,6288.089018828669,6288.326509848208,6289.071357694995,6289.752201193126,6289.791812855075,6289.9720338704765,6290.079989088938,6290.404581069485,-2517.580124650809,-2424.5817021643647,-2141.165718751879,-1881.9874159489736,-1866.5953033045862,-1792.4429247727737,-1739.2453223645841,-1592.4724865011272
2025-07-14 14:36:00+00:00,6290.0625,6288.5187560255035,6291.25,6288.5187560255035,1564,152,-2575.25,-2767.4254138925694,-2449.0,-2767.4254138925694,6288.184515983521,6288.364959083668,6288.992414599354,6289.640069814251,6289.681112261199,6289.915042582438,6290.049073582732,6290.385816641187,-2573.1013000378666,-2493.150444510006,-2230.6313894862633,-1962.4817793983914,-1944.9283563991935,-1830.6775321892364,-1759.6053241770194,-1604.1635604055198
2025-07-14 14:37:00+00:00,6291.0625,6289.290628012752,6292.75,6289.290628012752,2354,648,-2168.5,-2671.337706946285,-1762.0,-2671.337706946285,6288.430318656683,6288.550092869485,6289.035016515554,6289.608302377751,6289.647157109161,6289.890555736569,6290.034054858574,6290.3749192419,-2594.931612684182,-2528.7878969972617,-2293.589434837695,-2026.9232273572907,-2008.0943868815493,-1863.6445978659835,-1777.6594307665098,-1614.782208629806
2025-07-14 14:38:00+00:00,6291.6875,6290.176564006376,6292.5,6290.176564006376,1421,33,-1871.25,-2419.9188534731425,-1804.0,-2419.9188534731425,6288.818373178837,6288.875387096863,6289.198094728529,6289.659962525808,6289.693192491528,6289.90177174715,6290.036876821896,6290.372945557965,-2556.039888415062,-2507.014088292438,-2311.6364946427593,-2062.650102458732,-2043.9052100634271,-1885.4592745564605,-1790.3774391369382,-1622.7935185287447
2025-07-14 14:39:00+00:00,6291.6875,6290.9320320031875,6292.75,6290.75,1059,15,-1807.75,-2145.584426736571,-1721.0,-2145.584426736571,6289.247623583539,6289.250309677491,6289.419795481596,6289.7590568416435,6289.785088796612,6289.935035600203,6290.050998072948,6290.3766973434585,-2464.8275635976192,-2434.7281559812645,-2287.914770656161,-2070.18958648399,-2052.746881078483,-1895.660260916465,-1797.4112408715844,-1627.9954181129021
2025-07-14 14:40:00+00:00,6291.75,6291.309766001594,6293.0,6290.25,1597,121,-1791.25,-1976.6672133682855,-1694.0,-1976.6672133682855,6289.470373898308,6289.450247741993,6289.538396127083,6289.803688037858,6289.825515857777,6289.947387145294,6290.054938705166,6290.375436673375,-2356.3474857688784,-2343.115967458669,-2243.4508339007507,-2061.6875525643804,-2046.1312577993356,-1898.8370041498697,-1800.9608640893407,-1631.4647892099706
2025-07-14 14:41:00+00:00,6292.5625,6291.529883000797,6293.5,6291.5,1101,37,-1709.0,-1883.9586066841428,-1644.0,-1883.9586066841428,6289.921401920907,6289.860198193594,6289.818625251785,6289.957898216234,6289.971123174492,6290.00827392391,6290.083553780311,6290.386626358217,-2251.372179305604,-2251.284495303764,-2192.094801441235,-2045.530375666177,-2032.029288137145,-1898.2535375825864,-1802.6043837446832,-1633.977165503246
2025-07-14 14:42:00+00:00,6292.625,6292.046191500398,6293.25,6291.5,1103,-173,-1743.5,-1796.4793033420715,-1617.0,-1855.0,6290.272201494038,6290.188158554876,6290.0588216443875,6290.098089287485,6290.104068985406,6290.066772985717,6290.111602220305,6290.397704702911,-2163.2894727932476,-2172.027596243011,-2143.9384012353444,-2028.2094324237971,-2016.6354369947846,-1896.557320422485,-1803.641920700234,-1636.1763976872933
2025-07-14 14:43:00+00:00,6292.4375,6292.335595750199,6293.5,6291.25,1326,-138,-1889.75,-1769.9896516710357,-1709.0,-2041.0,6290.489490050919,6290.400526843901,6290.228989980904,6290.202808443168,6290.203715160589,6290.113174045101,6290.134144750596,6290.406185253131,-2136.114034394748,-2145.822076994409,-2129.232915344581,-2029.372211294361,-2018.754094647412,-1902.2217392294465,-1808.342080686368,-1640.2044932326935
2025-07-14 14:44:00+00:00,6292.0625,6292.3865478750995,6292.75,6291.25,763,25,-1968.75,-1829.869825835518,-1829.869825835518,-2005.0,6290.658492261826,6290.570421475121,6290.37484855506,6290.298007675607,6290.294696450973,6290.157755455097,6290.156240894148,6290.414581419767,-2106.9775823070263,-2117.6576615955273,-2111.4853560096412,-2027.1565557221463,-2017.5580864172025,-1906.2522592596642,-1812.2362969104004,-1643.8342992701791
2025-07-14 14:45:00+00:00,6292.8125,6292.22452393755,6294.0,6291.25,1625,89,-1940.0,-1899.309912917759,-1850.0,-2100.0,6290.789938425864,6290.706337180098,6290.499870190052,6290.38455243237,6290.377766324802,6290.200588574505,6290.177899490303,6290.422894042456,-2105.4270084610203,-2114.126129276422,-2109.844590865407,-2033.778687020133,-2024.7269484678807,-1913.8502098769325,-1817.9345880606895,-1648.373261466496
2025-07-14 14:46:00+00:00,6293.875,6292.518511968775,6294.5,6292.518511968775,1594,140,-1716.25,-1919.6549564588795,-1439.0,-1919.6549564588795,6291.174065879844,6291.068772137834,6290.788247587013,6290.578548753861,6290.56391811993,6290.291487531143,6290.224248252253,6290.443745962121,-2064.1443302383223,-2075.231894712914,-2082.674643093046,-2023.4038024236554,-2015.5902535105763,-1914.0778469977931,-1819.9488527814458,-1651.0725818146789
2025-07-14 14:47:00+00:00,6292.6875,6293.196755984387,6294.5,6290.75,2365,-457,-1924.0,-1817.9524782294397,-1551.0,-2248.0,6291.079829017657,6291.005017710268,6290.782783646011,6290.594135230782,6290.58009915298,6290.309468412274,6290.2346591779515,6290.446793265981,-2105.0011457409173,-2109.785515770331,-2106.292551222611,-2043.8216385669593,-2035.7997966835699,-1927.1728333900367,-1828.4251131224073,-1657.0121581150304
2025-07-14 14:48:00+00:00,6291.0625,6292.9421279921935,6292.9421279921935,6289.75,1812,-594,-2480.0,-1870.9762391147199,-1870.9762391147199,-2834.0,6290.784311458177,6290.754014168215,6290.635243125153,6290.517395664347,6290.507916617939,6290.287528474539,6290.2250619665065,6290.439859999653,-2267.0008911318246,-2254.628412616265,-2210.25075819081,-2115.656035060872,-2105.2085100154336,-1962.7346830610156,-1848.3374871199833,-1668.723479924831
2025-07-14 14:49:00+00:00,6290.1875,6292.002313996097,6292.002313996097,6289.0,1468,-364,-2952.25,-2175.48811955736,-2175.48811955736,-3154.0,6290.387797800805,6290.403211334572,6290.401636964417,6290.379450603951,6290.376793433771,6290.237037161812,6290.2008033137045,6290.425533034482,-2464.1118042136413,-2434.5027300930124,-2345.0720784492655,-2210.050940964429,-2196.4077700140915,-2009.4509699997993,-1874.1921903453301,-1683.5023507713502
2025-07-14 14:50:00+00:00,6289.75,6291.094906998049,6291.094906998049,6288.75,1375,-163,-3202.25,-2563.86905977868,-2563.86905977868,-3341.0,6290.023842733959,6290.072569067658,6290.165688826643,6290.231318730865,6290.235333135182,6290.178721978996,6290.172074535215,6290.40886106399,-2658.975847721721,-2615.80218407441,-2487.347495813656,-2312.8644917858446,-2295.937529143301,-2061.668579019415,-1903.2378895464126,-1699.9948646940234
2025-07-14 14:51:00+00:00,6291.75,6290.422453499024,6293.75,6290.0,2255,617,-2994.5,-2883.05952988934,-2682.0,-3314.0,6290.018544348634,6290.058055254127,6290.142018994266,6290.210289755331,6290.214869384297,6290.171713273938,6290.168667118676,6290.404792794697,-2804.5367704502273,-2755.4417472595283,-2605.44071069742,-2403.876810714404,-2384.4647005221445,-2110.779615136301,-1931.1737729217311,-1716.0546172841327
2025-07-14 14:52:00+00:00,6293.1875,6291.086226749512,6294.0,6291.086226749512,1463,107,-2623.5,-2938.77976494467,-2540.0,-2938.77976494467,6290.255807104385,6290.263689553204,6290.276905816445,6290.289920391166,6290.290639589968,6290.20757654749,6290.186836616316,6290.411573232059,-2834.368547004548,-2792.1093507965566,-2653.0605755898846,-2452.504352008065,-2432.6660104719294,-2143.250209246433,-1951.1263668231754,-1728.2210366638396
2025-07-14 14:53:00+00:00,6293.6875,6292.136863374756,6294.5,6292.136863374756,1251,453,-2345.75,-2781.139882472335,-2117.0,-2781.139882472335,6290.673819608912,6290.638324317515,6290.542614039061,6290.4578242987645,6290.451180788646,6290.283234854442,6290.225451007573,6290.428740298155,-2822.5399548862783,-2789.9154571317126,-2671.357619430235,-2482.3803093229985,-2462.9680862980517,-2168.2654905494096,-1967.5622780241488,-1738.6978410997451
2025-07-14 14:54:00+00:00,6293.8125,6292.912181687378,6294.25,6292.912181687378,1070,48,-2096.75,-2563.4449412361673,-2037.0,-2563.4449412361673,6291.171233404127,6291.093095791488,6290.881123703107,6290.68094769773,6290.665180866797,6290.386330808675,6290.278653595292,6290.45345115775,-2764.963285186254,-2744.621353952604,-2655.941522545368,-2489.749821315105,-2471.7052041187576,-2183.7627239096746,-1979.3619347214164,-1746.9042799070728
2025-07-14 14:55:00+00:00,6295.0,6293.362340843689,6296.75,6293.25,2792,980,-1590.25,-2330.0974706180837,-1082.0,-2330.0974706180837,6291.633181536543,6291.524476633191,6291.219534602664,6290.914497907027,6290.889947747945,6290.498631561276,6290.337492137959,6290.48127751439,-2668.326437504438,-2661.7165772857,-2609.392372270042,-2475.235971251739,-2459.391488162177,-2189.5013414276514,-1986.307192857984,-1752.7071972275805
2025-07-14 14:56:00+00:00,6295.9375,6294.181170421844,6296.75,6294.181170421844,2399,-99,-1093.0,-1960.1737353090418,-821.0,-1960.1737353090418,6292.199401288832,6292.055815390921,6291.642625433976,6291.211468135647,6291.176141023937,6290.643044849926,6290.413604579224,6290.5180923691905,-2510.959170349906,-2521.408008890369,-2516.6468527041848,-2428.4121316205847,-2415.981248783644,-2180.5081019720196,-1985.7896986490941,-1754.7715408900826
2025-07-14 14:57:00+00:00,6296.0625,6295.059335210923,6297.0,6294.75,993,91,-1194.25,-1526.586867654521,-1101.0,-1526.586867654521,6292.766201002425,6292.594652312738,6292.086536086265,6291.533152850588,6291.486911369682,6290.804101914635,6290.499473795477,6290.560200902831,-2292.2097697509316,-2322.4437806431993,-2375.2097119828045,-2346.428016714579,-2338.642606946329,-2154.8641319987846,-1976.6965732828648,-1752.5010466290323
2025-07-14 14:58:00+00:00,6297.25,6295.560917605461,6298.0,6295.560917605461,2168,106,-1024.0,-1360.4184338272605,-897.0,-1360.4184338272605,6293.387249136433,6293.187905371283,6292.582876303294,6291.899313282849,6291.841172781489,6290.990643706432,6290.599700405575,6290.609959277982,-2085.14502843456,-2130.0387112800117,-2230.2395293891555,-2256.790781906641,-2253.5796353707583,-2123.7093987371563,-1964.4930457688924,-1748.5997270986666
2025-07-14 14:59:00+00:00,6297.125,6296.40545880273,6297.5,6296.25,984,-34,-1047.0,-1192.2092169136304,-995.0,-1192.2092169136304,6294.023415995003,6293.800324297026,6293.1067511171095,6292.294830257136,6292.22454906136,6291.196892972846,6290.711587526257,6290.6660790861615,-1886.7148480965757,-1942.4728124067356,-2081.949484749795,-2160.010639634549,-2161.286555504921,-2087.179979842116,-1949.2002966826497,-1743.063503116726
2025-07-14 15:00:00+00:00,6297.0625,6296.765229401365,6297.75,6295.5,2329,-431,-1243.0,-1119.6046084568152,-962.0,-1517.0,6294.351545773891,6294.140259437621,6293.448643814666,6292.586209324669,6292.509370882112,6291.365642268029,6290.806407575242,6290.714177801722,-1804.5559929640033,-1857.3782499253887,-2001.2424154998243,-2101.555126940499,-2105.2616376349283,-2064.8199806326215,-1940.6418749661616,-1740.8141150260124
2025-07-14 15:01:00+00:00,6298.875,6296.913864700682,6301.0,6296.913864700682,5781,1061,-797.0,-1181.3023042284076,121.0,-1462.0,6294.920949979845,6294.694980490234,6293.943675369812,6292.97963254067,6292.892370344597,6291.583219618329,6290.9273473203,6290.775866228578,-1728.4324389720025,-1778.302599940311,-1924.2077847141352,-2043.41375176409,-2049.325843057978,-2041.1799813921266,-1931.1638180361385,-1738.0398452247587
2025-07-14 15:02:00+00:00,6298.875,6297.894432350341,6299.75,6297.75,1791,-135,-481.25,-989.1511521142038,-351.0,-989.1511521142038,6295.549627762102,6295.305984392188,6294.487436031268,6293.413302309699,6293.314772923328,6291.825054143101,6291.0624493535615,6290.845260594463,-1564.1477085591584,-1620.4723103750896,-1790.628265771288,-1947.5716972504638,-1957.13673949765,-1999.9239488714238,-1912.5101018792684,-1730.5882164375892
2025-07-14 15:03:00+00:00,6299.25,6298.384716175171,6300.0,6298.384716175171,1262,-96,-575.25,-735.2005760571019,-501.0,-735.2005760571019,6296.179647409451,6295.921730748785,6295.04419033754,6293.865249024742,6293.755637553923,6292.082295791417,6291.207444736167,6290.920280052977,-1379.9372346698126,-1443.4179635114922,-1639.8528815264044,-1837.35614077834,-1850.8814209376026,-1950.3269538590976,-1889.1970419619977,-1720.6838618069376
2025-07-14 15:04:00+00:00,6298.4375,6298.8173580875855,6300.5,6296.75,2912,-628,-880.0,-655.225288028551,-364.0,-1263.0,6296.306392429573,6296.087384599028,6295.287877432178,6294.127499113402,6294.016016897061,6292.265343015283,6291.317198305748,6290.97828721663,-1353.9511825209654,-1407.3343708091938,-1586.0167555940611,-1785.1419461621272,-1799.7612973778112,-1923.3729556685448,-1876.7971005370075,-1716.1297935302516
2025-07-14 15:05:00+00:00,6296.625,6298.627429043792,6298.627429043792,6295.25,2919,-315,-1421.25,-767.6126440142755,-767.6126440142755,-1690.0,6296.071638556335,6295.919907679223,6295.282466370439,6294.229544648548,6294.123319775577,6292.382388387233,6291.39507556702,6291.02079182144,-1428.6286975163064,-1463.8674966473552,-1600.8715047949097,-1776.4926783292065,-1790.2168367362624,-1914.2210750540921,-1873.0981480511261,-1715.8697955846771
2025-07-14 15:06:00+00:00,6296.8125,6297.626214521896,6297.75,6295.75,1627,47,-1524.5,-1094.4313220071376,-1094.4313220071376,-1599.0,6296.000163321593,6295.885926143379,6295.349256888948,6294.367767862316,6294.2647702298755,6292.514451587734,6291.481311694406,6291.067848619237,-1466.4889869571273,-1490.8939973178842,-1600.6041469670656,-1760.3569802992786,-1773.589285715718,-1901.8594642676571,-1867.6704619511038,-1714.7069120465212
2025-07-14 15:07:00+00:00,6297.8125,6297.2193572609485,6298.75,6296.75,2117,659,-1190.0,-1309.4656610035688,-831.0,-1535.0,6296.166793694572,6296.058740914704,6295.54936304767,6294.584334420288,6294.480877166408,6292.68055152547,6291.585642155903,6291.1243874389465,-1481.7136565222102,-1499.7151978543075,-1591.2321259717705,-1739.8699820902532,-1752.8423913056556,-1887.472818610102,-1861.0829280510818,-1712.9187835684465
2025-07-14 15:08:00+00:00,6298.5,6297.515928630474,6299.5,6297.515928630474,1381,411,-669.25,-1249.7328305017845,-446.0,-1249.7328305017845,6296.466601458106,6296.350178457858,6295.830300988071,6294.85084298485,6294.744794685023,6292.870174157039,6291.703073571241,6291.187984863738,-1430.1623618510046,-1449.718724383803,-1542.446512333201,-1695.3120592185742,-1709.0937338444496,-1862.4634073117365,-1848.976985525353,-1708.309968115047
2025-07-14 15:09:00+00:00,6298.375,6298.007964315237,6299.0,6297.5,1058,82,-436.5,-959.4914152508923,-371.0,-959.4914152508923,6296.696245578527,6296.580142766287,6296.068829418347,6295.091675440773,6294.984377755891,6293.051735954803,6291.817864193592,6291.250790984497,-1325.5688181620908,-1351.6732625572208,-1459.1672127500142,-1628.4192734033304,-1643.9109235319665,-1827.0527409564095,-1831.3634098763537,-1700.8590372407768
2025-07-14 15:10:00+00:00,6298.625,6298.191482157618,6299.75,6298.0,1134,40,-331.0,-697.9957076254461,-237.0,-697.9957076254461,6296.985968783299,6296.86411421303,6296.344710930012,6295.3560685825205,6295.246605777118,6293.245785525203,6291.940282724412,6291.31794729311,-1186.1081269317253,-1220.9377515708659,-1350.4284263036475,-1543.8353128780682,-1561.657426496617,-1782.7759945512737,-1808.920485079306,-1690.8802976426143
2025-07-14 15:11:00+00:00,6298.875,6298.408241078809,6299.5,6298.408241078809,1062,-30,-340.0,-514.4978538127231,-272.0,-514.4978538127231,6297.302029293412,6297.172939586187,6296.639500951269,6295.633538809456,6295.521530585961,6293.4482347626,6292.068361107667,6291.388497480032,-1036.861399571947,-1079.6497720192374,-1231.0097730906584,-1450.259180235764,-1470.6000723501916,-1733.039596875252,-1783.2883537670964,-1679.1749996940582
2025-07-14 15:12:00+00:00,6299.25,6298.641620539404,6300.0,6298.5,1299,293,-229.75,-427.24892690636153,-58.0,-427.24892690636153,6297.568245005987,6297.4383516689495,6296.90528652966,6295.894126190414,6295.780527926313,6293.646343203282,6292.195720293654,6291.459258699137,-901.3919612018169,-949.1696029966623,-1116.1867950643305,-1357.2582481149093,-1379.8738857898586,-1681.8321196215702,-1756.436087888666,-1666.7180238454246
2025-07-14 15:13:00+00:00,6299.6875,6298.945810269703,6300.5,6298.945810269703,1131,253,67.0,-328.49946345318074,242.0,-328.49946345318074,6297.874370620146,6297.7398433891,6297.196789921095,6296.171552015803,6296.055769869216,6293.854165441181,6292.329385441694,6291.53375174959,-774.0825172576756,-825.0355750879661,-1003.6600334055948,-1263.7347222365704,-1288.4500229779737,-1628.7602507522217,-1728.1601151275672,-1653.4024162793326
2025-07-14 15:14:00+00:00,6299.5625,6299.316655134851,6300.5,6298.5,1148,-20,193.25,-130.74973172659037,306.0,-130.74973172659037,6298.013399371224,6297.89187471128,6297.38296278951,6296.383229105276,6296.2683116197195,6294.036355031723,6292.451575828987,6291.60306765258,-631.1196760285455,-686.178406415691,-878.9585617371657,-1160.736086735663,-1187.7804324343751,-1570.0147402021971,-1696.5282263473498,-1638.2516432987084
2025-07-14 15:15:00+00:00,6299.0625,6299.439577567426,6299.75,6298.0,1186,-58,147.75,31.250134136704816,260.0,31.250134136704816,6298.010421733175,6297.913499769024,6297.471110962438,6296.530208277523,6296.418893218005,6294.191792089303,6292.561445614551,6291.666718720713,-483.92638488071213,-542.6926983052119,-748.9287480408985,-1052.3737030199932,-1081.7777744716725,-1507.2200392477305,-1662.3147934664773,-1621.6396853142764
2025-07-14 15:16:00+00:00,6298.625,6299.251038783713,6300.75,6296.75,1758,-228,25.25,89.50006706835241,311.0,-186.0,6297.730328014692,6297.68079981522,6297.368095110662,6296.550189343203,6296.447685112092,6294.292113968154,6292.64438728555,6291.71729863394,-417.7205215738872,-471.35415864416956,-668.5103554636273,-973.6124572909029,-1003.8840549523967,-1455.407488688996,-1633.0808371602104,-1607.3547133210996
2025-07-14 15:17:00+00:00,6297.875,6298.938019391857,6298.938019391857,6297.5,991,-163,-191.0,57.375033534176204,57.375033534176204,-288.0,6297.679144011427,6297.644639852177,6297.386938666282,6296.636535766548,6296.539190754519,6294.417913420383,6292.740538032371,6291.774837951016,-388.89373900191225,-434.68332691533567,-614.1517332545377,-911.2840520826389,-941.6332675652318,-1409.626802858055,-1606.445573058028,-1594.2268057258648
2025-07-14 15:18:00+00:00,6298.0625,6298.406509695928,6298.75,6297.0,1080,-92,-342.0,-66.8124832329119,-66.8124832329119,-437.0,6297.528223119998,6297.5157118817415,6297.331661713956,6296.669577969589,6296.579261123692,6294.519171717623,6292.824883813908,6291.826829613195,-399.5840192237095,-435.1466615322686,-588.8443427896037,-868.1673200751263,-897.7521138639073,-1371.484575294994,-1583.288234977671,-1582.7121111415279
2025-07-14 15:19:00+00:00,6298.625,6298.234504847964,6299.5,6297.75,939,219,-272.75,-204.40624161645596,-126.0,-422.0,6297.57750687111,6297.562569505394,6297.391424326249,6296.767798154172,6296.681064504241,6294.645870865952,6292.922410867098,6291.885766631969,-404.5653482851074,-432.5173292258149,-565.0094366768033,-827.6066546137512,-856.3823648322632,-1334.2498860677395,-1560.2924283444497,-1571.1627369013138
2025-07-14 15:20:00+00:00,6298.3125,6298.429752423982,6299.0,6297.5,1088,-338,-334.5,-238.578120808228,-155.0,-525.0,6297.560283121975,6297.550055604315,6297.406935136785,6296.834361958338,6296.752276286481,6294.75779749866,6293.0130561964625,6291.941629650557,-431.3286042217502,-451.0138633806519,-559.2938028658314,-800.0969587397738,-827.5665070207621,-1302.5145964180242,-1539.791588179213,-1560.753157429659
2025-07-14 15:21:00+00:00,6297.875,6298.3711262119905,6298.75,6297.25,587,-91,-551.75,-286.539060404114,-286.539060404114,-617.0,6297.491331317092,6297.490044483453,6297.384515831531,6296.8721472348525,6296.795556609396,6294.8555309300855,6293.09695607376,6291.994449256024,-472.5889143946946,-484.21109070452155,-567.5375453135698,-783.4517806725215,-809.2563759754785,-1275.631671068298,-1521.518487423189,-1551.362578748767
2025-07-14 15:22:00+00:00,6297.75,6298.123063105995,6298.25,6297.25,507,-61,-615.75,-419.144530202057,-419.144530202057,-684.0,6297.437702135516,6297.442035586762,6297.36529928417,6296.9064974862295,6296.83507342597,6294.9494316779255,6293.179194567349,6292.046743293278,-519.5691556403181,-524.1688725636172,-584.1750388402028,-774.4107097022923,-798.3645171950021,-1252.4304290656196,-1504.9339629197596,-1542.7321053283813
2025-07-14 15:23:00+00:00,6298.9375,6297.936531552998,6300.25,6297.75,1228,242,-535.5,-517.4472651010285,-393.0,-692.0,6297.507101660957,6297.503628469411,6297.420256529289,6296.9831795329355,6296.914632258495,6295.059257886634,6293.269705566016,6292.103492116231,-557.8871210535807,-557.7350980508938,-599.5786047201739,-766.9188270020838,-789.1154287432629,-1230.4527651806934,-1488.8362606837247,-1534.2671092554622
2025-07-14 15:24:00+00:00,6299.6875,6298.437015776499,6300.0,6298.437015776499,819,143,-337.5,-526.4736325505143,-260.0,-526.4736325505143,6297.713749242189,6297.690305930829,6297.56550785032,6297.115346464168,6297.047013433974,6295.191718980354,6293.372028540481,6292.1665122521545,-550.9063458306771,-551.4828049508179,-589.1350372673654,-745.0601729610321,-766.2770116830239,-1202.8457403716668,-1469.7795749781167,-1524.2393134673532
2025-07-14 15:25:00+00:00,6299.75,6299.062257888249,6300.5,6299.062257888249,1138,106,-198.75,-431.9868162752571,-96.0,-431.9868162752571,6298.013417830202,6297.964696322313,6297.77932928431,6297.292338411812,6297.222252082172,6295.34350481988,6293.484706349347,6292.235126636593,-524.4797837072505,-527.5836072157058,-566.68529141135,-716.5989587168707,-737.2082990388703,-1172.615978642396,-1449.2292233206342,-1513.3711294156906
2025-07-14 15:26:00+00:00,6300.4375,6299.406128944125,6302.0,6299.25,2106,812,272.25,-315.36840813762853,759.0,-315.36840813762853,6298.288213867935,6298.2217570578505,6297.989425100837,6297.470307647101,6297.39857798807,6295.496700709296,6293.598870580053,6292.304926371553,-478.01058913622336,-485.1405674000904,-530.7828795151041,-680.1234541187578,-700.5265693952841,-1138.9984268578953,-1426.7765339110697,-1501.4507043283468
2025-07-14 15:27:00+00:00,6301.25,6299.921814472063,6301.5,6299.921814472063,936,-4,644.75,-21.559204068814267,681.0,-21.559204068814267,6298.6512362244075,6298.561768540693,6298.265480725298,6297.693171903916,6297.617989856244,6295.670234582346,6293.724077389796,6292.380716302901,-376.57694801013247,-392.4242947338352,-458.0366401656342,-620.2539768414902,-641.4859289321129,-1095.1772808661667,-1398.950448171619,-1486.7254157685504
2025-07-14 15:28:00+00:00,6302.5625,6300.585907236031,6303.75,6300.585907236031,2809,1051,1159.75,311.59539796559284,1699.0,311.59539796559284,6299.0811631158795,6298.966596279762,6298.596970226832,6297.956147843199,6297.8760696284,6295.863006058961,6293.8599552085325,6292.462359993779,-223.64976001552685,-251.62035619394962,-348.08920614688753,-535.5403973135735,-558.6092918105733,-1040.0097248335487,-1365.078253198605,-1468.8316763284097
2025-07-14 15:29:00+00:00,6303.75,6301.574203618015,6304.25,6301.574203618015,1872,246,1787.0,735.6726989827964,1945.0,735.6726989827964,6299.635172116354,6299.488117747413,6299.022289282716,6298.285062004546,6298.197646497062,6296.086974590689,6294.012712602779,6292.553025104467,-10.46699134923281,-54.16174515860041,-193.266076842647,-419.9755703775399,-446.0630317415846,-970.3751199780058,-1323.4792244425375,-1446.8963094098904
2025-07-14 15:30:00+00:00,6304.125,6302.662101809008,6305.0,6302.662101809008,2646,106,2093.75,1261.3363494913983,2432.0,1261.3363494913983,6300.307823159166,6300.122914559732,6299.542262500758,6298.682974714042,6298.585860002449,6296.344822716898,6294.183987636566,6292.653612932374,272.1559732820185,208.93787377139932,14.534269776502308,-267.1290322076364,-297.5935203300209,-882.8570231360685,-1272.2947576319646,-1419.9487207641064
2025-07-14 15:31:00+00:00,6303.8125,6303.393550904504,6304.75,6302.25,2395,-533,1776.25,1677.5431747456992,2083.0,1429.0,6300.739418012685,6300.548331647786,6299.929082143507,6299.007249740038,6298.904480871802,6296.576398296628,6294.343710653663,6292.749099370858,529.2324236637921,452.9502990171195,216.6008026655734,-112.93548382512398,-147.4549533448017,-792.1959634052423,-1218.8037723323216,-1391.600972298792
2025-07-14 15:32:00+00:00,6303.5625,6303.603025452252,6304.25,6302.5,1085,-263,1374.0,1726.8965873728496,1726.8965873728496,1194.0,6301.130658454311,6300.938665318229,6300.296356123006,6299.324772490943,6299.217134709037,6296.808696402643,6294.5052213337885,6292.846123257716,676.958551738505,601.1602392136956,356.22925942763436,5.876832886250931,-30.806696532210267,-714.3059256246446,-1171.0254798108895,-1365.8735994400975
2025-07-14 15:33:00+00:00,6303.0,6303.582762726126,6303.75,6302.0,1103,-117,1185.5,1550.4482936864247,1550.4482936864247,1054.0,6301.323845464464,6301.1509322545835,6300.53973381972,6299.567974991766,6299.459122995208,6297.012276935873,6294.653632792525,6292.937206608385,760.7455402410594,691.7281913709566,455.9107937951152,101.16075716931904,63.524320557547135,-644.9605952079919,-1126.9655693195848,-1341.7952551670617
2025-07-14 15:34:00+00:00,6302.875,6303.291381363063,6303.5,6302.5,885,-5,1190.5,1367.9741468432123,1367.9741468432123,1133.0,6301.5852131390275,6301.420745803667,6300.819771845475,6299.834522719787,6299.723547082582,6297.227481761917,6294.809006400594,6293.032358781436,843.468753520824,779.9825530967653,552.6378232529559,194.96432469938094,156.5222057264561,-575.2366502978746,-1082.2137758677118,-1317.1704267574391
2025-07-14 15:35:00+00:00,6302.8125,6303.083190681531,6304.25,6301.0,2846,-284,909.0,1279.237073421606,1279.237073421606,485.0,6301.455165774799,6301.336596642934,6300.845518724693,6299.940475199806,6299.834542988445,6297.375423653607,6294.931600333255,6293.111638793562,763.8090305161965,720.9860424774123,542.9752770739622,221.33120427216448,185.08549218502515,-533.658742443056,-1051.1798397119155,-1299.2383827101014
2025-07-14 15:36:00+00:00,6303.9375,6302.9478453407655,6304.5,6302.9478453407655,1289,121,934.25,1094.118536710803,1094.118536710803,851.0,6301.786872345014,6301.6588463825,6301.145851098418,6300.213872485348,6300.1052649321255,6297.59394999428,6295.090337858156,6293.209511495525,783.1848015125972,746.9888339819299,586.978808920539,278.5738220656041,242.99110156024037,-479.35839960215185,-1013.5129121928677,-1277.8429759169662
2025-07-14 15:37:00+00:00,6303.9375,6303.442672670382,6304.75,6303.0,970,20,958.25,1014.1842683554015,1043.0,829.0,6302.056456268344,6301.927077106,6301.41072951293,6300.467156804862,6300.356981024985,6297.805951955289,6295.246964831262,6293.306929291589,793.3659567320201,763.391067185544,621.5532647890335,328.6125655141855,293.94839707674123,-428.05022706873416,-977.0275079910288,-1256.8793642163
2025-07-14 15:38:00+00:00,6304.0,6303.690086335191,6304.75,6303.5,682,24,1003.5,986.2171341777007,1056.0,955.0,6302.377243764267,6302.2416616848,6301.709196725369,6300.742869822601,6300.630287022813,6298.029247957043,6295.410391270247,6293.408352880728,829.2846330137934,801.7128537484352,669.1885126763144,385.55687774016866,351.4311451570246,-373.81296326211714,-938.7695375357608,-1234.8706143236006
2025-07-14 15:39:00+00:00,6304.9375,6303.845043167596,6306.0,6303.845043167596,1596,524,1296.5,994.8585670888504,1635.0,994.8585670888504,6302.703421409451,6302.56233798136,6302.014317645688,6301.024885581237,6300.909831035403,6298.257318357457,6295.577414080095,6293.512200545274,866.0788405860283,840.3419964165183,715.7128061638196,440.94794040823064,407.3813557597921,-320.1395699150204,-900.4798720976497,-1212.6842543095465
2025-07-14 15:40:00+00:00,6305.75,6304.391271583798,6306.5,6304.391271583798,1576,402,1720.25,1145.6792835444253,1946.0,1145.6792835444253,6303.078499225972,6302.928124701848,6302.35388249399,6301.330920672379,6301.212564996134,6298.497865542804,6295.751945911851,6293.620450008344,928.2122723545609,901.4094538420998,777.1365886467632,505.0144261478847,471.5811755671515,-262.6564776224931,-859.9618690156284,-1189.217950450303
2025-07-14 15:41:00+00:00,6306.3125,6305.070635791899,6306.75,6305.070635791899,1666,-12,1925.25,1432.9646417722126,2067.0,1432.9646417722126,6303.521196240623,6303.356626919858,6302.7419901079775,6301.670894774154,6301.548049413157,6298.755621238847,6295.936474424328,6293.734382205195,1040.3794655584834,1007.7204914281224,870.8263105218275,589.3735366591873,555.1797378458525,-196.1615317638772,-814.5573836534929,-1163.1265813734622
2025-07-14 15:42:00+00:00,6305.9375,6305.691567895949,6306.75,6304.75,1068,-208,1803.5,1679.1073208861062,1938.0,1629.0,6303.794263742707,6303.635301535887,6303.028848663981,6301.950813431048,6301.82647989897,6298.990694915756,6296.110999683252,6293.843990342457,1171.1840287677094,1131.976393142498,979.1368375901379,683.8850333265339,648.5554128157784,-124.58656973392124,-766.1701087296614,-1135.3442273299452
2025-07-14 15:43:00+00:00,6305.6875,6305.814533947974,6306.25,6305.25,690,34,1750.5,1741.303660443053,1815.0,1714.0,6304.117760688772,6303.95824122871,6303.346155997699,6302.250739482771,6302.12417729906,6299.236157860236,6296.291969986554,6293.957482975866,1291.8098001526628,1248.3811145139985,1084.1172893629755,777.5318484786671,741.202768223102,-52.48513562670864,-717.057829348876,-1106.992543475916
2025-07-14 15:44:00+00:00,6305.0625,6305.751016973987,6305.751016973987,6304.25,1099,-115,1720.5,1745.9018302215266,1892.0,1596.0,6304.147147202379,6304.016592982968,6303.475276569457,6302.432490438882,6302.309031446968,6299.432779120619,6296.449554739295,6294.059896080584,1359.40762234096,1317.9048916111988,1157.2433908825506,851.9380440715156,815.5329622906584,12.161340280221108,-671.2547040152349,-1080.0970952821258
2025-07-14 15:45:00+00:00,6303.4375,6305.406758486994,6305.406758486994,6302.25,2477,-553,1360.5,1733.2009151107632,1733.2009151107632,1032.0,6303.7255589351835,6303.663274386375,6303.300237059535,6302.4159003989835,6302.303898277667,6299.543258370791,6296.564415041487,6294.141389651922,1286.6503729318576,1260.723913288959,1139.3514778993292,868.3073127922869,834.356182961036,52.15501321040851,-637.5268880941411,-1059.0812037867813
2025-07-14 15:46:00+00:00,6302.875,6304.422129243497,6304.422129243497,6302.25,1676,32,1152.0,1546.8504575553816,1546.8504575553816,1059.0,6303.397656949587,6303.3806195091,6303.150203193887,6302.40081854453,6302.299211470914,6299.649405101348,6296.67700088225,6294.222072341952,1236.0614011692226,1220.3791306311673,1127.8726953422822,885.6430116293517,853.890427920946,91.6391303394121,-603.9322962506927,-1038.0057689232312
2025-07-14 15:47:00+00:00,6303.25,6303.648564621748,6304.25,6302.25,1250,106,1136.0,1349.4252287776908,1349.4252287776908,979.0,6303.142622071901,6303.15449560728,6303.021602737618,6302.387107767754,6302.294932212574,6299.751389215021,6296.787357300423,6294.301952219147,1178.9366453538398,1172.103304504934,1106.605167436242,894.1300105721378,864.7695211452116,126.4375958162979,-572.5871022655305,-1017.9360597797165
2025-07-14 15:48:00+00:00,6303.5,6303.449282310874,6304.5,6302.75,948,-326,1059.75,1242.7126143888454,1242.7126143888454,897.0,6303.05537272259,6303.073596485825,6302.982802346531,6302.420097970686,6302.334503324525,6299.868981794824,6296.905429433087,6294.386012396071,1116.284057497431,1117.0826436039472,1076.6615720882075,894.3909187019435,867.5721714804106,156.65572931369798,-543.4863675672032,-998.8819696326547
2025-07-14 15:49:00+00:00,6302.875,6303.474641155437,6303.474641155437,6302.25,745,-29,889.0,1151.2313071944227,1151.2313071944227,854.0,6302.876401006459,6302.90887718866,6302.878116297026,6302.404634518805,6302.327155209349,6299.962355057773,6297.01126251362,6294.464261028947,1057.9987113868908,1064.4661148831578,1044.8527760756065,890.7190170017668,866.3919826560272,184.00256345825883,-515.8133701896347,-980.445333118897
2025-07-14 15:50:00+00:00,6302.75,6303.1748205777185,6303.1748205777185,6302.5,689,-49,830.75,1020.1156535972113,1020.1156535972113,763.0,6302.792756338356,6302.827101750929,6302.8240996831655,6302.413304108005,6302.342185191145,6300.061870545704,6297.119950384637,6294.544218630649,992.4434421898039,1004.1728919065263,1004.5880937790913,879.1081972743334,857.4013754685466,206.70834528342516,-490.4903331561766,-963.097618361495
2025-07-14 15:51:00+00:00,6303.0625,6302.962410288859,6303.75,6302.5,1216,280,950.5,925.4328267986057,1148.0,754.0,6302.727699374277,6302.761681400743,6302.777799728427,6302.421185552732,6302.355908218003,6300.15748346548,6297.226486020585,6294.623380634324,939.4560105920697,954.1383135252211,968.7897946677926,867.7347247948485,848.40995151476,228.1707631154477,-465.8469602223909,-946.0120699200871
2025-07-14 15:52:00+00:00,6303.1875,6303.01245514443,6303.5,6302.5,503,5,1084.0,937.9664133993028,1128.0,937.9664133993028,6302.6770995133265,6302.709345120595,6302.738114052938,6302.428350502483,6302.368437938177,6300.249346858991,6297.330912039979,6294.701754956372,939.124988993677,950.9039335000375,964.3864544865799,874.1194237588898,856.1974699395029,256.00588665599105,-438.04867559621874,-927.2660153596952
2025-07-14 15:53:00+00:00,6303.3125,6303.099977572215,6304.0,6302.5,489,-141,1033.5,1010.9832066996514,1127.0,934.0,6302.637744065921,6302.667476096476,6302.704097759662,6302.434864093167,6302.3798781174655,6300.337607766482,6297.433270217405,6294.779349434418,937.9861025506376,947.5231468000301,960.0455324170684,879.5631125080815,862.9629073360679,282.59389110085414,-410.8793948913431,-908.7459555053699
2025-07-14 15:54:00+00:00,6302.6875,6303.206238786108,6303.5,6301.75,1225,-429,753.25,1022.2416033498257,1022.2416033498257,533.0,6302.440467606827,6302.483980877181,6302.56779807971,6302.372603721061,6302.3251061072515,6300.392995697208,6297.5187500150805,6294.848709141538,847.9891908727182,864.6185174400241,899.0390277860587,848.0573750073468,834.2704806111925,292.4137385086638,-392.1887138043858,-894.4002246048191
2025-07-14 15:55:00+00:00,6301.6875,6302.946869393054,6302.946869393054,6300.5,1781,-483,294.25,887.7458016749129,887.7458016749129,24.0,6302.009252583088,6302.087184701745,6302.272398354037,6302.202367019146,6302.16640122836,6300.397191944377,6297.577784668247,6294.904940891374,664.8804817898919,696.4948139520193,774.0334523880504,773.1430681884971,763.8121779493497,281.88770954753977,-383.94735313499206,-885.2619139122338
2025-07-14 15:56:00+00:00,6301.3125,6302.317184696527,6302.5,6300.75,1511,-123,18.75,590.9979008374564,590.9979008374564,-73.0,6301.729418675734,6301.819747761397,6302.054912874889,6302.070333653769,6302.043235904155,6300.411027554401,6297.64060081343,6294.9631006835,500.9070413921381,542.5958511616154,653.0286734754718,696.2209710804518,691.0459016059281,267.9705444672441,-377.78997980558626,-877.1797058136046
2025-07-14 15:57:00+00:00,6301.375,6301.8148423482635,6302.25,6300.25,1349,67,-66.25,304.8739504187282,304.8739504187282,-251.0,6301.400658970016,6301.5057982091175,6301.797068178476,6301.904848776154,6301.887302347272,6300.404712748346,6297.692272084451,6295.015706646848,333.81658774944077,383.8766809292924,523.881720121833,610.1099737095017,609.1288666836734,247.61875840970512,-375.2792871361687,-870.9490619746633
2025-07-14 15:58:00+00:00,6301.8125,6301.594921174132,6302.0,6301.25,612,14,-7.75,119.3119752093641,119.3119752093641,-51.0,6301.367179198901,6301.454638567295,6301.718915581551,6301.845317069231,6301.831884751858,6300.437861268019,6297.762722142185,6295.077739416532,248.30179047178729,296.9013447434339,441.75576010442836,550.0090670086379,551.7263565372671,235.90821886422648,-368.8579151136703,-862.7903648405871
2025-07-14 15:59:00+00:00,6302.1875,6301.703710587066,6302.5,6301.703710587066,791,143,109.25,55.78098760468205,218.0,33.0,6301.441963951826,6301.5044529712495,6301.716743439482,6301.83244375267,6301.820739172311,6300.487502417786,6297.840761517331,6295.14366947793,200.45694814472344,244.12107579474716,383.3620800895101,503.00824273512535,506.6197168383743,227.9510338107274,-360.90033263617187,-853.8770278769993
2025-07-14 16:00:00+00:00,6301.6875,6301.945605293533,6302.5,6300.75,850,-102,88.5,82.51549380234103,156.0,29.0,6301.288194184754,6301.353562377,6301.5786372338425,6301.734039775154,6301.727631418197,6300.497796440618,6297.898370200156,6295.199453861235,162.35540411256267,201.09686063579773,332.7389257910087,459.9165843046594,465.0875675480809,220.14903248481653,-353.17953397010905,-845.0921818284719
2025-07-14 16:01:00+00:00,6301.625,6301.8165526467665,6302.25,6301.25,441,81,97.75,85.50774690117052,160.0,49.0,6301.279706588141,6301.332849901601,6301.53168905758,6301.690036159231,6301.686098251398,6300.527294619417,6297.964739107084,6295.259658300427,137.16531430977096,170.6774885086382,292.2047935351503,422.560531186054,428.9060399352044,213.4373057207061,-345.2155828023841,-836.1957422082882
2025-07-14 16:02:00+00:00,6302.3125,6301.720776323384,6303.5,6301.25,1521,375,360.5,91.62887345058526,675.0,91.62887345058526,6301.27310512411,6301.3162799212805,6301.49144776364,6301.650032872028,6301.64817666432,6300.555636006891,6298.029793778231,6295.319263690472,127.04610522995192,154.86776549702762,263.5510906659268,392.4758350282841,399.5775906756723,208.66050445521117,-336.56519753004807,-826.9636564803392
2025-07-14 16:03:00+00:00,6303.0625,6302.016638161692,6303.75,6302.016638161692,892,140,569.5,226.06443672529264,665.0,226.06443672529264,6301.438334688017,6301.4563515693635,6301.566474963362,6301.683360625633,6301.680216794527,6300.61293020904,6298.108741191764,6295.385904232475,149.0501788955832,169.10709974268065,258.19585438869336,377.3475260916485,384.48949033216104,209.3430116030575,-325.42401665370465,-816.4857650056563
2025-07-14 16:04:00+00:00,6303.375,6302.5395690808455,6304.25,6302.5395690808455,1195,259,804.5,397.7822183626463,1016.0,397.7822183626463,6301.683053441979,6301.67299507166,6301.705488408717,6301.761197757925,6301.754943080295,6300.688484674602,6298.196480357885,6295.457084977235,204.32396544381945,214.8421234666738,278.1367635278295,379.2052253890119,385.6453797261163,216.73278441715902,-311.1031011088264,-804.4034965144294
2025-07-14 16:05:00+00:00,6303.375,6302.957284540423,6304.0,6302.957284540423,838,136,976.5,601.1411091813231,1056.0,601.1411091813231,6301.966215908299,6301.9298529654125,6301.884316427533,6301.869932919971,6301.85949451161,6300.77745721836,6298.290753708034,6295.531713828611,292.5055529410425,292.10192060960367,324.2802414783286,399.38121482467653,404.3841388091778,231.80762068242038,-293.03885932090265,-790.4179780497951
2025-07-14 16:06:00+00:00,6303.9375,6303.166142270211,6304.5,6303.166142270211,514,128,1110.5,788.8205545906616,1181.0,788.8205545906616,6302.232866210947,6302.177110826373,6302.0674344050585,6301.987770133629,6301.973116055837,6300.871131141962,6298.387296055799,6295.607678290717,402.7977755298467,391.4456474058153,390.64314335151903,434.7847911670388,437.8133923553938,253.65126514941022,-271.61590062958453,-774.7041618046164
2025-07-14 16:07:00+00:00,6304.75,6303.5518211351055,6305.5,6303.5518211351055,1564,578,1465.25,949.6602772953308,1799.0,949.6602772953308,6302.525967305204,6302.45205288812,6302.279489652208,6302.129956588308,6302.110394758382,6300.976256239733,6298.489563879151,6295.686724488173,524.3227759221766,503.0885733837184,470.5027339149207,481.59165354233807,482.32181713277964,280.94573621395614,-247.43221393800204,-757.5463066891941
2025-07-14 16:08:00+00:00,6305.0,6304.150910567552,6305.5,6304.150910567552,882,-260,1613.0,1207.4551386476655,1759.0,1207.4551386476655,6302.887065807949,6302.791824424007,6302.546835497258,6302.313679677331,6302.287830915702,6301.100752487882,6298.601669754169,6295.770945245183,676.1299676389519,643.9618864365079,575.7816488767414,547.5792430973678,545.3768885688567,317.27943827018004,-218.62256339175119,-737.9940535017627
2025-07-14 16:09:00+00:00,6305.25,6304.575455283776,6306.0,6304.5,1029,193,1579.5,1410.2275693238328,1701.0,1410.2275693238328,6303.245495628405,6303.133459539206,6302.82585899765,6302.5124360703,6302.480193444771,6301.234056311887,6298.718468372898,6295.8578015114,839.2627680133699,797.215023013973,694.9882089406117,626.0018182088646,620.5812955910285,360.14014929189193,-186.36810531817525,-716.6187139711598
2025-07-14 16:10:00+00:00,6305.25,6304.912727641888,6306.0,6304.5,1052,2,1674.75,1494.8637846619163,1741.0,1494.8637846619163,6303.524274377648,6303.406767631365,6303.065021997986,6302.693123700273,6302.6558287974,6301.36213253495,6298.832954147692,6295.943793536162,984.9518828241579,936.7447753435617,809.2561483293695,704.9892697045966,696.6058598580622,404.63911538483404,-153.07638472451006,-694.6139129897361
2025-07-14 16:11:00+00:00,6303.125,6305.081363820944,6305.081363820944,6301.5,2375,-525,1392.75,1584.8068923309581,1685.0,1047.0,6303.07443562706,6303.025414105093,6302.841447426846,6302.584657909339,6302.555321945453,6301.367539102207,6298.885766936847,6295.999079172619,998.7403533076783,958.7958202748495,843.2195557108881,736.081154276906,727.0749155225786,429.82973831091897,-129.31249591808412,-677.2844213181966
2025-07-14 16:12:00+00:00,6302.0625,6304.103181910472,6304.103181910472,6300.75,1421,-167,1040.5,1488.7784461654792,1488.7784461654792,857.0,6302.557894376602,6302.570331284074,6302.542669223011,6302.417870826672,6302.398337428458,6301.343321882513,6298.922682443048,6296.046352016672,967.2424970170831,938.4366562198796,845.1881906093328,747.0737766153691,738.3727489553979,446.5815132791182,-109.78155540485473,-662.0179096632892
2025-07-14 16:13:00+00:00,6303.1875,6303.082840955236,6304.25,6302.25,781,103,1036.5,1264.6392230827396,1264.6392230827396,945.0,6302.4894734040245,6302.506265027259,6302.50085933401,6302.402609842428,6302.3854385216355,6301.37887788712,6298.988569919423,6296.108079857303,962.2997199021758,939.7493249759037,859.4470205222852,765.0670696503355,756.3403360027547,466.1273362877802,-88.89479193149127,-646.0276817064406
2025-07-14 16:14:00+00:00,6303.3125,6303.135170477618,6303.75,6302.75,574,-134,1025.5,1150.5696115413698,1150.5696115413698,960.0,6302.547368203131,6302.555012021808,6302.536450857723,6302.434190765844,6302.4171395197545,6301.432647381744,6299.063053683394,6296.174168614942,961.7886710350256,943.799459980723,873.8117318762445,782.7882451366686,774.0498720025153,485.49489172747514,-68.12459803185777,-630.047306764088
2025-07-14 16:15:00+00:00,6302.3125,6303.2238352388085,6303.5,6301.25,851,-321,807.75,1088.034805770685,1088.034805770685,638.0,6302.25906415799,6302.294009617446,6302.352672163763,6302.326537059857,6302.315649126733,6301.425484739322,6299.1063595510495,6296.224674399868,889.8356330272421,882.6395679845784,840.1243416082096,769.6256773969715,762.2194483501227,491.47548420875063,-54.14193272429623,-617.429920627132
2025-07-14 16:16:00+00:00,6301.25,6302.768167619404,6302.768167619404,6300.75,1163,-5,649.0,947.8924028853424,947.8924028853424,596.0,6301.923716567326,6301.985207693957,6302.123718997511,6302.183215508961,6302.179505724409,6301.398995141702,6299.138906886672,6296.269702515292,824.538825687855,825.3116543876628,805.2494356641797,753.8415249063377,747.765583276199,495.57448482801533,-41.26783504658739,-605.3559910686531
2025-07-14 16:17:00+00:00,6301.25,6302.009083809702,6302.009083809702,6300.75,637,-69,592.5,798.4462014426713,798.4462014426713,539.0,6301.662890663475,6301.738166155166,6301.927473426438,6302.0529231899645,6302.055200878808,6301.373544351831,6299.170809720599,6296.314282589767,761.0857533127761,768.0493235101303,767.2138019978684,734.3104771875796,729.61205429566,497.27744620730886,-29.77738286744705,-593.9693642918506
2025-07-14 16:18:00+00:00,6301.9375,6301.629541904851,6302.5,6301.5,482,92,626.0,695.4731007213356,713.0,567.0,6301.6266927382585,6301.690532924134,6301.8664057940905,6302.002657445422,6302.006922541521,6301.378503396857,6299.216932300389,6296.365881767978,717.955585909937,727.8394588081043,738.6118302838872,719.1004338068906,715.4718756612548,500.0116640031007,-17.960008949279782,-582.4174303187974
2025-07-14 16:19:00+00:00,6302.0625,6301.7835209524255,6302.5,6301.5,372,-102,610.5,660.7365503606678,669.0,549.0,6301.598538796423,6301.652426339308,6301.814062109221,6301.95696131402,6301.9628423205195,6301.38326796953,6299.262141561768,6296.416967521531,680.4099001521732,692.0715670464834,711.5244259576177,703.6367580062641,700.9960603863631,501.93277521866537,-6.733078078997013,-571.1595454400034
2025-07-14 16:20:00+00:00,6302.5625,6301.923010476213,6303.25,6301.5,581,111,596.5,635.618275180334,666.0,494.0,6301.576641286107,6301.621941071447,6301.769196093618,6301.915419376382,6301.922595162214,6301.387845696215,6299.306455590247,6296.467544959128,638.9854778961347,652.4572536371868,680.4495079636724,684.5788709147855,682.996402961462,501.621685994404,3.182428417616789,-560.5609429978143
2025-07-14 16:21:00+00:00,6303.375,6302.242755238107,6304.0,6302.242755238107,609,115,719.75,616.059137590167,800.0,616.059137590167,6301.724666608773,6301.746103904779,6301.836847399974,6301.945177181993,6301.950435168814,6301.421371560603,6299.36460013773,6296.525009738023,633.8907356059196,645.1776304277829,671.2508836246003,678.349804248911,677.175771190045,506.10942919423786,15.31860087647917,-548.8532805044016
2025-07-14 16:22:00+00:00,6303.0,6302.808877619053,6303.75,6302.25,604,-164,703.0,667.9045687950835,795.0,617.0,6301.841407362379,6301.846883123824,6301.895869199979,6301.972888347266,6301.97648428457,6301.45386679352,6299.421736768666,6296.581974815257,630.1372388046042,639.5421043422264,663.5007573925146,672.7725493171919,671.943095434389,510.458079029758,27.23308402743998,-537.252750350129
2025-07-14 16:23:00+00:00,6302.4375,6302.904438809526,6302.904438809526,6302.0,346,-96,565.0,685.4522843975417,685.4522843975417,513.0,6301.87665017074,6301.87750649906,6301.910745028554,6301.975353042969,6301.97852912939,6301.47528378201,6299.472791486118,6296.635885513613,604.1067412924699,614.2336834737812,642.000649193584,658.247772106538,658.1219567009639,510.5577622050616,36.85223087838176,-526.8024742272421
2025-07-14 16:24:00+00:00,6302.1875,6302.670969404763,6302.75,6301.5,330,-114,461.5,625.2261421987708,625.2261421987708,395.0,6301.792950132797,6301.802005199248,6301.852067167332,6301.932139129972,6301.936917900748,6301.476253045461,6299.5129342289665,6296.684284662731,557.63857656081,570.3869467790249,606.7148421659291,634.3161564604891,635.241786553054,506.0260852558435,43.94426591049301,-517.630310304583
2025-07-14 16:25:00+00:00,6302.375,6302.429234702382,6303.25,6301.25,529,65,433.5,543.3630710993855,543.3630710993855,359.0,6301.672294547731,6301.691604159399,6301.766057571999,6301.870126481793,6301.8771859093795,6301.467380377012,6299.547331570967,6296.729714666088,513.4966706584078,528.1095574232199,571.3270075707964,609.287414964081,611.2207616353971,500.260356422281,50.182993318206016,-508.907620649811
2025-07-14 16:26:00+00:00,6302.375,6302.402117351191,6303.0,6301.5,525,-97,415.75,488.43153554969274,488.43153554969274,342.0,6301.634006870458,6301.65328332752,6301.728049347428,6301.836478619812,6301.844387134651,6301.468659577914,6299.5859982725315,6296.777180191799,475.38629940098383,490.887645938576,538.566006489254,584.9885590582554,587.8102606236235,494.05406793513276,55.96154790596431,-500.4408781557831
2025-07-14 16:27:00+00:00,6301.75,6302.388558675595,6302.5,6301.0,607,-179,261.0,452.09076777484637,452.09076777484637,154.0,6301.493116454801,6301.522626662016,6301.624042297796,6301.760435108919,6301.770962166421,6301.450280770937,6299.613998306739,6296.819198299343,403.96712175632075,423.5101167508608,483.62800556221777,545.8077809620504,550.0876292650477,480.7186142906178,57.90290339297491,-493.9290286218947
2025-07-14 16:28:00+00:00,6301.75,6302.0692793377975,6302.5,6301.0,476,-22,188.25,356.5453838874232,356.5453838874232,147.0,6301.383535020401,6301.418101329613,6301.534893398111,6301.691304644472,6301.703921978036,6301.432622701488,6299.641443884823,6296.860798316266,346.8633169215828,368.20809340068865,435.53829048190096,509.5525281473185,515.036531068087,467.6316098086328,59.66720233568828,-487.5516253520251
2025-07-14 16:29:00+00:00,6301.75,6301.909639668898,6302.25,6301.25,266,-74,143.0,272.3976919437116,272.3976919437116,97.0,6301.353860571423,6301.384481063691,6301.494194341239,6301.651186040429,6301.664450501686,6301.42546102692,6299.673296481164,6296.90447196486,291.3381353834533,313.96647472055093,387.1756775559151,472.04775286119866,478.68552836651423,453.0970368749609,60.40646565577366,-481.7351912689204
2025-07-14 16:30:00+00:00,6301.1875,6301.829819834449,6302.25,6300.5,814,-262,-27.5,207.6988459718558,207.6988459718558,-162.0,6301.164113777773,6301.207584850953,6301.352166578205,6301.546532764026,6301.563193936322,6301.389168437629,6299.689666847873,6296.94024836322,190.59632752046366,218.77317977644077,308.72200933364155,414.40704805563513,422.9737432911652,428.9755844484919,56.00237722694646,-478.5537465796774
2025-07-14 16:31:00+00:00,6300.125,6301.508659917225,6301.508659917225,6299.25,2154,-812,-545.25,90.0994229859279,90.0994229859279,-975.0,6300.738755160491,6300.816067880763,6301.051857067033,6301.337757058205,6301.362046637511,6301.305279479291,6299.680960573658,6296.963230966571,-68.42507859519492,-19.981456178847374,125.33315085740708,288.09731641421376,301.41080909193346,373.9177183916883,35.58648856898712,-483.49351029530254
2025-07-14 16:32:00+00:00,6299.25,6300.816829958612,6300.816829958612,6298.75,1382,-340,-1143.5,-227.57528850703605,-227.57528850703605,-1314.0,6300.29680956927,6300.402854304611,6300.723020343172,6301.10250641655,6301.134912147293,6301.205072440887,6299.6625257108135,6296.981009762924,-345.2195055740405,-278.7851649430779,-80.28587069365105,142.4521058311034,160.94030395350447,307.7248666900535,8.862003646828958,-491.75725646151847
2025-07-14 16:33:00+00:00,6299.5,6300.033414979306,6300.25,6298.75,942,-2,-1293.75,-685.537644253518,-685.537644253518,-1381.0,6299.953074109432,6300.072283443689,6300.441160294147,6300.888642196863,6300.927528482312,6301.108795090265,6299.644455894758,6296.998611655831,-575.3929487798092,-499.22813195446236,-266.10217488027234,3.9564598464576397,26.858538392330182,241.50036211397298,-18.660016227365677,-500.60544296438894
2025-07-14 16:34:00+00:00,6300.0,6299.766707489653,6301.0,6299.5,673,-9,-1296.75,-989.643822126759,-989.643822126759,-1343.0,6299.852390974003,6299.957826754951,6300.306708823555,6300.762401997148,6300.803395570807,6301.045705086725,6299.641595381991,6297.0235010920915,-745.9722934954071,-667.9825055635699,-419.94472132594774,-118.49412741231124,-92.25959538091591,179.36309301146426,-44.884570361477245,-508.9874783577781
2025-07-14 16:35:00+00:00,6300.3125,6299.883353744826,6301.25,6299.75,846,100,-1245.75,-1143.1969110633795,-1095.0,-1337.0,6299.8296374242245,6299.9162614039615,6300.2271789916185,6300.670365451952,6300.711795955955,6300.99489312254,6299.643742008089,6297.050630434459,-877.3117838297611,-801.786004450856,-550.9526182793838,-229.26738855664658,-200.4978914347493,119.89787367768135,-70.47101451273512,-517.2264089213824
2025-07-14 16:36:00+00:00,6300.3125,6300.097926872413,6300.75,6299.75,326,50,-1212.0,-1194.4734555316898,-1172.0,-1277.0,6299.811940218841,6299.883009123169,6300.159010564244,6300.5866958654115,6300.628161525003,6300.946073784401,6299.645846126741,6297.077489833121,-966.1313874231475,-896.8288035606848,-654.6736728109005,-324.5158077787696,-294.1067704404233,65.11756490600757,-94.36267759169087,-524.7863451510203
2025-07-14 16:37:00+00:00,6300.5625,6300.205213436207,6301.25,6300.0,494,8,-1140.75,-1203.236727765845,-1048.0,-1203.236727765845,6299.853731281321,6299.906407298536,6300.136294769352,6300.533359877647,6300.5735387836985,6300.908972851679,6299.652859074727,6297.106569536274,-1018.8214630548581,-958.1103884017169,-733.0398235187497,-404.39952777759464,-373.1615493382861,15.378180879660414,-116.32057957533748,-531.5370952267898
2025-07-14 16:38:00+00:00,6300.375,6300.383856718103,6300.75,6299.75,385,25,-1148.25,-1171.9933638829225,-1134.0,-1178.0,6299.830679885472,6299.875125838829,6300.081109802302,6300.462145343316,6300.501926715551,6300.863522935927,6299.654782657405,6297.132872326958,-1054.1944712648897,-1002.0883107213737,-796.6055630160712,-474.72684343417694,-443.14750156973946,-31.420963468561563,-137.34393443523177,-537.9695619409512
2025-07-14 16:39:00+00:00,6300.25,6300.379428359051,6300.75,6300.0,366,28,-1125.25,-1160.1216819414612,-1093.0,-1160.1216819414612,6299.8683065775895,6299.900100671064,6300.069522687688,6300.420132130287,6300.458280914199,6300.829659291381,6299.661618644387,6297.161400960521,-1077.7338514152389,-1033.6949849653913,-848.5364371482698,-537.0354651166573,-505.4930824716283,-75.6837367420086,-157.59695913832542,-544.1601302991652
2025-07-14 16:40:00+00:00,6301.1875,6300.314714179525,6302.75,6299.75,1605,621,-811.25,-1142.6858409707306,-479.0,-1157.0,6299.842016227014,6299.870080536852,6300.023876589447,6300.359211027534,6300.396691269487,6300.787319711327,6299.663368770241,6297.187158164894,-1095.3485511007414,-1058.3559879723132,-892.6026604128027,-593.3958773787793,-562.145857908878,-118.08829608545925,-177.38711836330907,-550.2580394504173
2025-07-14 16:41:00+00:00,6303.125,6300.751107089763,6303.75,6300.751107089763,1875,537,-209.0,-976.9679204853653,100.0,-976.9679204853653,6300.044036418736,6300.046285847435,6300.127766660921,6300.394837942282,6300.4275100364675,6300.785899608521,6299.6849081429045,6297.222620343251,-1069.0417442973244,-1042.0783744749237,-904.6548404231688,-628.2660631157416,-598.2173416111813,-151.7698499834948,-193.22040157364682,-554.5039089134516
2025-07-14 16:42:00+00:00,6303.4375,6301.938053544882,6304.25,6301.938053544882,1169,209,162.0,-592.9839602426827,305.0,-592.9839602426827,6300.464929113436,6300.424639386924,6300.386379072916,6300.535130269791,6300.558861645895,6300.831082115829,6299.729524883538,6297.269540076601,-963.2511256185152,-952.2594916284756,-860.1304289688137,-625.0585992181908,-597.7622649704423,-169.0723641113061,-201.136511646301,-554.8867949963295
2025-07-14 16:43:00+00:00,6303.75,6302.687776772441,6304.25,6302.687776772441,424,160,348.25,-215.49198012134133,466.0,-215.49198012134133,6300.9588952598815,6300.877266864028,6300.715150172849,6300.7308254063955,6300.743984700378,6300.90389367099,6299.788104128863,6297.323452879545,-797.0824266191432,-804.9059893270488,-768.0392219906034,-587.8252702093863,-564.5213706357379,-170.89274120973886,-201.42077834877702,-551.5097321617526
2025-07-14 16:44:00+00:00,6303.0625,6303.21888838622,6304.0,6302.0,688,-132,340.25,66.37900993932934,431.0,66.37900993932934,6301.190251868797,6301.101813491223,6300.898700148156,6300.846204914905,6300.853203422084,6300.946878232912,6299.831904047103,6297.369985686713,-605.2021073839271,-630.6489894737732,-648.8366174291846,-528.3521538322303,-509.6604679770364,-161.58796665487344,-196.11781224406204,-545.3615854741797
2025-07-14 16:45:00+00:00,6302.5625,6303.14069419311,6303.5,6302.0,668,-116,243.75,203.31450496966465,368.0,165.0,6301.370195897953,6301.281450792979,6301.05602869842,6300.951095377186,6300.952924863643,6300.98817712574,6299.87483664023,6297.416055480876,-434.0460835208322,-471.5191915790186,-532.5742435107297,-465.3201398474821,-450.99434032685934,-148.78059541350586,-188.9669644768529,-538.2933109918496
2025-07-14 16:46:00+00:00,6302.75,6302.8515970965545,6303.5,6302.0,487,131,223.75,223.53225248483233,314.0,132.0,6301.510152365075,6301.425160634383,6301.190881741503,6301.046450342896,6301.0439748755,6301.027856454142,6299.916919082997,6297.461666869126,-308.2580649606473,-350.8153532632149,-437.6350658663398,-411.01830895225646,-400.2991802984368,-137.76959167179976,-182.6111830020637,-531.6237258078511
2025-07-14 16:47:00+00:00,6302.8125,6302.800798548277,6303.5,6302.0,718,-60,264.5,223.64112624241616,340.0,190.0,6301.619007395058,6301.540128507507,6301.306470064146,6301.133136675359,6301.127107495022,6301.065979730451,6299.958168210066,6297.506824412717,-197.5340505249479,-242.65228261057192,-347.97291359971985,-356.38028086568767,-348.96881679422495,-124.91588219447428,-175.2327437346961,-524.4433902276735
2025-07-14 16:48:00+00:00,6303.0625,6302.806649274138,6303.75,6302.5,642,64,267.0,244.07056312120807,311.0,223.0,6301.814783529489,6301.732102806006,6301.476974340697,6301.2573969775995,6301.246489451977,6301.122215819452,6300.008501512837,6297.556507751894,-104.08203929718171,-149.52182608845754,-266.4053545140456,-303.7093462415342,-299.23239794255323,-111.27212210841647,-167.34694682905854,-517.0061425637166
2025-07-14 16:49:00+00:00,6304.5625,6302.934574637069,6305.5,6302.934574637069,1584,462,549.75,255.53528156060403,826.0,255.53528156060403,6302.06362599784,6301.972597172219,6301.685202954464,6301.409867673915,6301.393279468072,6301.193288714261,6300.066443554901,6297.61002085523,-24.16707910656266,-68.51040455864523,-191.8424065033814,-252.8689255322489,-250.99173015967,-96.88751804296469,-158.97304131639194,-509.319163219196
2025-07-14 16:50:00+00:00,6305.1875,6303.7485373185345,6305.5,6303.7485373185345,880,48,813.25,402.64264078030203,917.0,402.64264078030203,6302.438050735772,6302.327785201483,6301.979965006475,6301.622474005244,6301.598084498548,6301.29349454188,6300.139356302695,6297.671100621034,70.67952531274061,25.720204509144228,-106.91597117714092,-193.27696495838063,-194.1539587735855,-77.29810004989541,-147.85193870061582,-500.2449164132309
2025-07-14 16:51:00+00:00,6305.1875,6304.468018659267,6305.75,6304.468018659267,568,56,855.0,607.946320390151,910.0,607.946320390151,6302.88915471877,6302.75583189304,6302.335401242589,6301.8811598828825,6301.8476439907845,6301.417985683738,6300.225072388964,6297.738731646291,190.072146441054,142.16542768534558,-4.792786667527803,-120.43848447215048,-124.40610841152146,-50.42576983656026,-132.8856365404026,-489.21813793757536
2025-07-14 16:52:00+00:00,6305.375,6304.827759329633,6305.75,6304.827759329633,383,69,899.25,731.4731601950755,935.0,731.4731601950755,6303.319955743406,6303.170217380359,6302.691452397881,6302.14903255986,6302.1067844550325,6301.551702297303,6300.3162147046205,6297.80926923518,310.38348283083656,260.02697418729156,100.38806288427266,-42.99197132058448,-49.98182418486086,-19.76306669806474,-115.76962076346244,-477.07195586660373
2025-07-14 16:53:00+00:00,6305.875,6305.101379664817,6306.75,6305.101379664817,1403,635,1250.0,815.3615800975377,1588.0,815.3615800975377,6303.715827725942,6303.5564498372505,6303.03572772173,6302.417427751219,6302.367184038492,6301.690905331323,6300.410970446406,6297.881827547913,422.60083777899234,371.0938953693408,202.52713677188194,35.040169717426636,25.265428361434658,12.986919450782416,-97.33137916225452,-464.21192068288093
2025-07-14 16:54:00+00:00,6306.625,6305.488189832408,6307.75,6305.488189832408,1639,471,1807.25,1032.6807900487688,2131.0,1032.6807900487688,6304.109685971824,6303.942797836283,6303.386079451827,6302.696587940418,6302.6385758466595,6301.8398184490125,6300.511509444149,6297.957512744774,558.1741605056093,503.4112743052264,321.1205158114372,125.73477156573047,112.86676416033329,52.97491437619365,-74.95490056401643,-449.3174658497302
2025-07-14 16:55:00+00:00,6306.1875,6306.056594916205,6306.75,6305.5,1006,-232,1915.5,1419.9653950243844,2054.0,1419.9653950243844,6304.418644644752,6304.254238269026,6303.688068101566,6302.9514435821975,6302.8873953382545,6301.983354980424,6300.610291435354,6298.032562369204,749.6833237320037,686.7220984490581,478.0983556990011,243.39210097106263,226.52751467025078,106.58238420553447,-45.352518473157005,-430.7176363882962
2025-07-14 16:56:00+00:00,6306.8125,6306.122047458102,6307.75,6305.75,991,269,1930.0,1667.7326975121923,2082.0,1667.7326975121923,6304.714501390363,6304.553390615221,6303.982629801343,6303.205857801998,6303.136317482755,6302.1310665498195,6300.7120678425745,6298.109352793392,953.6942956831567,882.9242182616849,648.0461188151713,372.877609747529,351.84970448259355,167.80396511952105,-11.43003894869464,-409.8375335634158
2025-07-14 16:57:00+00:00,6307.1875,6306.467273729051,6307.75,6306.25,894,-94,2026.25,1798.8663487560962,2104.0,1798.8663487560962,6305.055723303615,6304.892712492177,6304.306539829723,6303.482598001816,6303.407072484255,6302.292593351787,6300.821729865494,6298.190354258134,1141.5103074771432,1066.1126443605672,812.4490088067321,502.51294965739874,477.67723876724597,231.76719585036713,24.417414273182402,-387.8603805055102
2025-07-14 16:58:00+00:00,6306.375,6306.827386864526,6306.827386864526,6306.0,447,-107,1924.5,1912.558174378048,1983.0,1855.0,6305.265562569479,6305.1141699937425,6304.548462711192,6303.711452728923,6303.632544442146,6302.4379818477955,6300.924269868157,6298.268062175964,1300.0635724822225,1223.8901154884538,961.3848646914847,625.4663178703624,597.4444353961811,295.423384248392,60.66657438658473,-365.5433617940126
2025-07-14 16:59:00+00:00,6305.9375,6306.601193432263,6306.601193432263,6305.25,639,-133,1821.5,1918.529087189024,1922.0,1742.0,6305.262104220706,6305.141335994995,6304.648682323879,6303.851320662658,6303.773192751525,6302.548257069451,6301.00992789057,6298.337534194114,1398.271667486173,1327.5120923907632,1072.9013125927013,726.9693798821477,696.9710062312959,352.15187898374916,93.96030558685037,-344.5727810796443
