timestamp,open,high,low,close,volume,delta,cvd_open,cvd_high,cvd_low,cvd_close,ema_8,ema_9,ema_13,ema_21,ema_22,ema_50,ema_100,ema_200,cvd_ema_8,cvd_ema_9,cvd_ema_13,cvd_ema_21,cvd_ema_22,cvd_ema_50,cvd_ema_100,cvd_ema_200
2025-07-14 13:30:00+00:00,6294.25,6296.5,6291.25,6292.0,10422,-1212,-23,856,-1214,-1212,6292.0,6292.0,6292.0,6292.0,6292.0,6292.0,6292.0,6292.0,-1212.0,-1212.0,-1212.0,-1212.0,-1212.0,-1212.0,-1212.0,-1212.0
2025-07-14 13:31:00+00:00,6292.0,6296.0,6290.25,6291.25,7610,-108,-1210,-269,-1348,-1320,6291.833333333333,6291.85,6291.892857142858,6291.931818181818,6291.934782608696,6291.970588235295,6291.985148514851,6291.992537313433,-1236.0,-1233.6000000000001,-1227.4285714285716,-1221.8181818181818,-1221.3913043478262,-1216.235294117647,-1214.1386138613861,-1213.0746268656717
2025-07-14 13:32:00+00:00,6291.25,6293.0,6290.25,6292.5,3015,199,-1322,-1070,-1337,-1121,6291.981481481481,6291.9800000000005,6291.979591836735,6291.98347107438,6291.98393194707,6291.99134948097,6291.995343593765,6291.997586693399,-1210.4444444444443,-1211.0800000000002,-1212.2244897959185,-1212.6528925619834,-1212.661625708885,-1212.5005767012688,-1212.294284874032,-1212.1584614242222
2025-07-14 13:33:00+00:00,6293.0,6295.5,6292.75,6293.5,3098,72,-1118,-808,-1118,-1049,6292.318930041151,6292.284000000001,6292.196793002917,6292.121337340345,6292.115763951673,6292.050512246422,6292.025138770126,6292.012536079535,-1174.567901234568,-1178.6640000000002,-1188.9067055393589,-1197.7753568745304,-1198.430179995069,-1206.0887893796505,-1209.0607346785066,-1210.5349941463694
2025-07-14 13:34:00+00:00,6293.5,6293.75,6289.25,6290.0,3089,-931,-1032,-1010,-1998,-1980,6291.803612254229,6291.827200000001,6291.882965431072,6291.928488491223,6291.931784477615,6291.970100001465,6291.985037012302,6291.992510844912,-1353.5528120713307,-1338.9312000000002,-1301.9200333194506,-1268.886688067755,-1266.3927730389762,-1236.4382486196641,-1224.3268587442788,-1218.1913623638186
2025-07-14 13:35:00+00:00,6290.25,6291.25,6287.5,6291.25,4492,-290,-1973,-1943,-2717,-2270,6291.680587308845,6291.711760000001,6291.792541798062,6291.866807719293,6291.872498870866,6291.9418607857215,6291.97048182394,6291.985122677302,-1557.2077427221461,-1525.1449600000003,-1440.217171416672,-1359.8969891525044,-1353.662966687761,-1276.9700820071282,-1245.0332575810257,-1228.6571199522384
2025-07-14 13:36:00+00:00,6291.25,6294.5,6290.5,6293.75,3529,717,-2269,-1518,-2341,-1553,6292.140456795769,6292.119408000001,6292.072178684054,6292.038007017539,6292.035759838617,6292.012768205889,6292.005719807624,6292.002683645687,-1556.2726887838915,-1530.7159680000004,-1456.3290040714332,-1377.4518083204584,-1370.9966217583906,-1287.7947846735153,-1251.1316089160548,-1231.8844122910223
2025-07-14 13:37:00+00:00,6293.75,6294.0,6291.75,6292.0,2515,-15,-1547,-1410,-1625,-1568,6292.109244174487,6292.095526400001,6292.061867443475,6292.034551834126,6292.032650287433,6292.012267491933,6292.005606544107,6292.0026569427455,-1558.8787579430266,-1538.1727744000004,-1472.2820034898,-1394.7743712004167,-1388.1273503011394,-1298.7832244902402,-1257.4062305216773,-1235.2288459995693
2025-07-14 13:38:00+00:00,6292.0,6292.75,6291.0,6291.75,2113,-251,-1570,-1561,-1845,-1819,6292.029412135712,6292.026421120001,6292.01731495155,6292.008683485569,6292.008072001569,6292.001982492249,6292.000545028382,6292.000142943315,-1616.6834784001317,-1594.3382195200004,-1521.8131458484002,-1433.340337454924,-1425.5945372314752,-1319.183882353368,-1268.5268992242184,-1241.0375141985787
2025-07-14 13:39:00+00:00,6291.75,6293.0,6290.0,6292.75,2216,-226,-1822,-1813,-2185,-2045,6292.18954277222,6292.171136896001,6292.121984244186,6292.076075895972,6292.072587479694,6292.0313165121615,6292.015385720889,6292.007604207561,-1711.864927644547,-1684.4705756160004,-1596.5541250129145,-1488.9457613226582,-1479.4558818200426,-1347.6472595159812,-1283.9026041900754,-1249.037140922971
2025-07-14 13:40:00+00:00,6292.75,6293.75,6289.75,6290.5,2136,-246,-2047,-1897,-2329,-2291,6291.814088822838,6291.836909516802,6291.890272209303,6291.932796269066,6291.93584074233,6291.971264884234,6291.985378082852,6291.99260317067,-1840.5616103902032,-1805.7764604928004,-1695.7606785824983,-1561.8597830205983,-1550.0249355748215,-1384.6414846330015,-1303.8451268793808,-1259.4049305655285
2025-07-14 13:41:00+00:00,6290.25,6291.0,6288.75,6289.5,2441,-125,-2292,-2192,-2514,-2416,6291.299846862207,6291.369527613442,6291.548804750832,6291.711632971877,6291.724028503867,6291.874352535833,6291.936162675271,6291.967801149071,-1968.4368080812692,-1927.8211683942404,-1798.65201021357,-1639.5088936550894,-1625.3271150900546,-1425.086916608178,-1325.8679956540466,-1270.913339216618
2025-07-14 13:42:00+00:00,6289.5,6289.75,6283.5,6284.0,5770,-1740,-2415,-2399,-4239,-4156,6289.6776586706055,6289.895622090754,6290.470404072142,6291.010575428979,6291.0523738513575,6291.565554397173,6291.779010939126,6291.888519545599,-2454.5619618409874,-2373.4569347153924,-2135.4160087544888,-1868.2808124137175,-1845.3856268213542,-1532.181547329426,-1381.9102135618873,-1299.6206691746615
2025-07-14 13:43:00+00:00,6283.75,6283.75,6280.25,6283.75,8544,232,-4160,-3919,-4729,-3924,6288.360401188249,6288.666497672603,6289.510346347551,6290.350523117253,6290.417384820805,6291.259062067873,6291.6200206235,6291.807539251613,-2781.1037480985456,-2683.565547772314,-2390.9280075038478,-2055.1643749215614,-2026.134702749932,-1625.9783493949387,-1432.248625174523,-1325.7338963470531
2025-07-14 13:44:00+00:00,6283.5,6285.25,6281.5,6281.75,4058,-62,-3940,-3514,-4006,-3986,6286.891423146416,6287.283198138083,6288.401725440758,6289.568657379321,6289.663699184213,6290.886157673054,6291.424574670559,6291.707464234184,-3048.8584707433133,-2944.0524382178514,-2618.7954350032983,-2230.6948862923286,-2196.5577720760252,-1718.5282180461177,-1482.817959329483,-1352.2042058361371
2025-07-14 13:45:00+00:00,6281.75,6286.0,6280.25,6285.25,6108,-40,-3983,-3974,-4695,-4026,6286.526662447212,6286.8765585104675,6287.951478949221,6289.1760521630185,6289.279899255152,6290.665131881954,6291.302305865202,6291.64321085872,-3266.001032800355,-3160.4419505742812,-2819.824658574256,-2393.904442083935,-2355.63970493898,-1809.0173075345053,-1533.1779997388003,-1378.8091391113994
2025-07-14 13:46:00+00:00,6285.5,6285.75,6282.75,6285.0,2921,-255,-4016,-4016,-4385,-4281,6286.18740412561,6286.501246808374,6287.529839099333,6288.796411057289,6288.90773410253,6290.442969847368,6291.177507729257,6291.577109258135,-3491.5563588447203,-3384.553560459425,-3028.563993063648,-2565.4585837126683,-2523.062339292112,-1905.9578052782504,-1587.5903165756556,-1407.6866601152662
2025-07-14 13:47:00+00:00,6284.75,6288.75,6283.75,6288.5,4236,806,-4275,-3339,-4393,-3475,6286.701314319918,6286.9009974467,6287.668433513714,6288.769464597535,6288.87227896318,6290.3667749513925,6291.124487774222,6291.546491255567,-3487.877167990338,-3402.6428483675404,-3092.340565483127,-2648.1441670115164,-2605.8395271797544,-1967.488871737927,-1624.9647657523753,-1428.2569421041692
2025-07-14 13:48:00+00:00,6288.25,6292.75,6288.0,6292.5,4839,853,-3477,-2527,-3499,-2622,6287.989911137714,6288.020797957361,6288.35865729747,6289.108604179577,6289.187732966382,6290.450430835652,6291.151725640078,6291.555978904766,-3295.4600195480407,-3246.5142786940323,-3025.149056128395,-2645.7674245559238,-2607.244785685863,-1993.1559748070279,-1644.7080377176749,-1440.134982481242
2025-07-14 13:49:00+00:00,6292.5,6294.75,6292.25,6294.25,4189,965,-2619,-1626,-2620,-1657,6289.381041996,6289.266638365889,6289.200277683546,6289.576003799615,6289.62793009974,6290.599433547979,6291.213077607602,6291.582785084818,-2931.3577929818093,-2928.611422955226,-2829.699190967196,-2555.8794768690213,-2524.614804321875,-1979.9733875596935,-1644.9514429113842,-1442.2928433520756
2025-07-14 13:50:00+00:00,6294.5,6296.5,6293.5,6294.5,3961,557,-1656,-834,-1656,-1100,6290.518588219111,6290.313310692712,6289.957380871611,6290.023639817832,6290.051588351937,6290.752396938255,6291.278165179729,6291.6118120988995,-2524.3893945414075,-2562.889138364181,-2582.5993065433113,-2423.5267971536555,-2400.7352561199727,-1945.464627263235,-1634.1603252299706,-1438.886944413249
2025-07-14 13:51:00+00:00,6294.5,6297.25,6294.5,6297.25,3054,790,-1101,-309,-1148,-310,6292.014457503753,6291.70064855417,6290.999183604238,6290.680581652575,6290.6775371909,6291.007204901461,6291.3964193345855,6291.66791347105,-2032.3028624210947,-2112.3113106913447,-2257.94226275141,-2231.387997412414,-2218.93219037041,-1881.3287595274219,-1607.9393286907632,-1427.6542384986894
2025-07-14 13:52:00+00:00,6297.25,6297.25,6293.5,6294.0,3564,-738,-309,-295,-1123,-1048,6292.455689169586,6292.160518843336,6291.427871660776,6290.982346956886,6290.966447000387,6291.124569415129,6291.447975387366,6291.691118312135,-1813.5688929941848,-1899.449048553076,-2085.093368072637,-2123.8072703749217,-2117.1119999034177,-1848.649200330268,-1596.8514211919362,-1423.8765843842748
2025-07-14 13:53:00+00:00,6294.0,6294.25,6291.5,6293.5,3228,-326,-1021,-1020,-1653,-1374,6292.687758243011,6292.428415074669,6291.723889994952,6291.21122450626,6291.1867559568755,6291.217723555713,6291.488609538111,6291.7091171349,-1715.8869167732548,-1794.3592388424609,-1983.5086012051177,-2055.6429730681107,-2052.4935651292076,-1830.0355061996693,-1592.4385217623928,-1423.3802999625407
2025-07-14 13:54:00+00:00,6293.5,6295.0,6293.25,6294.75,1385,327,-1375,-1042,-1376,-1047,6293.146034189008,6292.892732059736,6292.156191424245,6291.532931369327,6291.496603264974,6291.356244200587,6291.553191527455,6291.739374675847,-1567.2453797125315,-1644.8873910739687,-1849.7216581758153,-1963.948157334646,-1965.059342074494,-1799.328231446741,-1581.6377589552167,-1419.6352223509732
2025-07-14 13:55:00+00:00,6294.5,6295.0,6290.25,6291.25,2753,-753,-1048,-1017,-1872,-1800,6292.724693258117,6292.564185647789,6292.026735506496,6291.507210335752,6291.475159502802,6291.3520777613485,6291.547187734832,6291.7345052760875,-1618.9686286653023,-1675.9099128591752,-1842.6185641506988,-1949.0437793951328,-1950.7063558071468,-1799.3545753115748,-1585.9617637283807,-1423.419946506685
2025-07-14 13:56:00+00:00,6291.25,6292.25,6289.5,6291.25,2799,-351,-1799,-1675,-2302,-2151,6292.396983645202,6292.301348518231,6291.915773291283,6291.483827577956,6291.4555804156025,6291.348074711884,6291.541302829191,6291.729684328067,-1737.197822295235,-1770.9279302873404,-1886.6730549863134,-1967.4034358137571,-1968.1231944326123,-1813.144591966023,-1597.1506396941552,-1430.6595490290065
2025-07-14 13:57:00+00:00,6291.5,6291.5,6288.5,6288.5,1828,-432,-2135,-1990,-2589,-2583,6291.5309872796015,6291.5410788145855,6291.427805678242,6291.212570525414,6291.198573422942,6291.236385507496,6291.481079010791,6291.697548165599,-1925.153861785183,-1933.3423442298724,-1986.1483328454117,-2023.3667598306884,-2021.59074274282,-1843.3350001242181,-1616.672409205162,-1442.1256231680213
2025-07-14 13:58:00+00:00,6288.25,6290.25,6287.5,6289.5,2718,142,-2585,-2363,-2918,-2441,6291.079656773023,6291.132863051669,6291.152404867065,6291.05688229583,6291.0508713861645,6291.168291958183,6291.441849723449,6291.6756820146975,-2039.7863369440313,-2034.8738753838982,-2051.1271424389242,-2061.3334180278985,-2058.061112939097,-1866.7728432566018,-1632.9957278347626,-1452.0646716937126
2025-07-14 13:59:00+00:00,6289.5,6290.25,6288.25,6289.0,1722,36,-2436,-2192,-2453,-2405,6290.617510823462,6290.706290441336,6290.844918457485,6290.869892996209,6290.872534743889,6291.083260900999,6291.3934962635785,6291.649058313059,-2120.944928734247,-2108.8991003071187,-2101.680407804792,-2092.575834570817,-2088.229711813958,-1887.8797905798724,-1648.2829411449654,-1461.5466152589495
2025-07-14 14:00:00+00:00,6289.25,6291.0,6287.75,6288.5,3231,331,-2368,-1879,-2391,-2074,6290.146952862693,6290.265032353069,6290.509930106416,6290.654448178372,6290.666227374856,6290.981956551941,6291.336199307864,6291.617724399496,-2110.5127223488585,-2101.919280245695,-2097.7260638326793,-2090.887122337106,-2086.9923455692665,-1895.1786223218382,-1656.712981914372,-1467.6406787887113
2025-07-14 14:01:00+00:00,6288.5,6288.5,6285.75,6286.75,3837,-523,-2073,-2073,-2768,-2597,6289.392074448761,6289.562025882456,6289.972797234071,6290.299498343975,6290.325685864,6290.815997471473,6291.245383479985,6291.569289330845,-2218.6210062713344,-2200.935424196556,-2169.0509118565824,-2136.8973839428236,-2131.3408372588956,-1922.7010292896093,-1675.3325268269587,-1478.8780849699183
2025-07-14 14:02:00+00:00,6286.75,6289.75,6286.25,6289.0,2571,589,-2599,-1907,-2606,-2008,6289.304946793481,6289.449620705965,6289.833826200632,6290.181362130886,6290.210408832348,6290.744781884357,6291.200920440778,6291.543724262877,-2171.816338211038,-2162.348339357245,-2146.043638734214,-2125.1794399480214,-2120.61554706247,-1926.0460869645267,-1681.9200015432564,-1484.1429796468346
2025-07-14 14:03:00+00:00,6289.0,6289.5,6287.75,6288.75,1326,-34,-1999,-1858,-2046,-2042,6289.181625283818,6289.309696564772,6289.678993886257,6290.051238300805,6290.08341675997,6290.666555143794,6291.152387362742,6291.515926011505,-2142.9682630530297,-2138.278671485796,-2131.1802617721833,-2117.6176726800195,-2113.779412535299,-1930.5932992404278,-1689.0502985423998,-1489.693795769752
2025-07-14 14:04:00+00:00,6288.75,6291.0,6288.5,6291.0,2331,497,-2043,-1545,-2045,-1545,6289.585708554081,6289.647757251818,6289.867709045363,6290.137489364368,6290.163119650408,6290.679631412665,6291.149369791203,6291.510792419351,-2010.086426819023,-2019.622937188637,-2047.4402243761572,-2065.5615206181997,-2064.3203331844034,-1915.471993387862,-1686.1978173831444,-1490.2441062596051
2025-07-14 14:05:00+00:00,6291.0,6291.0,6288.25,6288.5,2277,61,-1535,-1307,-1601,-1484,6289.3444399865075,6289.418205801455,6289.672322038883,6289.98862669488,6290.018500550373,6290.594155670992,6291.09690702306,6291.480834285825,-1893.1783319703513,-1912.4983497509097,-1966.948763750992,-2012.6922914710906,-2013.8576955161946,-1898.5515230589265,-1682.1939002072406,-1490.181975849062
2025-07-14 14:06:00+00:00,6288.5,6290.5,6287.75,6290.25,1457,-97,-1485,-1480,-1654,-1581,6289.545675545061,6289.584564641164,6289.7548474619,6290.012387904436,6290.038630937297,6290.580659370169,6291.08013658696,6291.468587178504,-1823.8053693102734,-1846.1986798007279,-1911.813226072279,-1973.4475377009915,-1976.2178959060907,-1886.0985221546548,-1680.1900605991764,-1491.085637780912
2025-07-14 14:07:00+00:00,6290.25,6292.75,6290.0,6292.25,3074,808,-1579,-649,-1579,-773,6290.146636535048,6290.117651712932,6290.1112978244855,6290.21580718585,6290.230923899272,6290.646123708594,6291.1033021991,6291.47636243046,-1590.2930650191015,-1631.5589438405823,-1749.1256223476678,-1864.3159433645376,-1871.590252783822,-1842.4475997172174,-1662.225900983351,-1483.9405070567238
2025-07-14 14:08:00+00:00,6292.25,6292.75,6290.0,6290.25,1926,-174,-774,-689,-966,-947,6290.1696061939265,6290.144121370346,6290.131112420988,6290.2189156235,6290.23258269064,6290.630589445512,6291.08640512585,6291.464159819212,-1447.3390505704124,-1494.647155072466,-1634.5362477265726,-1780.9235848768524,-1791.1911003678376,-1807.3320075714441,-1648.0630118549677,-1478.5978154442191
2025-07-14 14:09:00+00:00,6290.0,6291.75,6289.75,6291.25,1132,80,-948,-837,-1032,-867,6290.409693706387,6290.365297096277,6290.290953503704,6290.312650566818,6290.321053761019,6290.654880055492,6291.089644628309,6291.462028875738,-1318.3748171103207,-1369.1177240579727,-1524.8882123370622,-1697.8396226153202,-1710.826656857591,-1770.4562425686424,-1632.5964175608099,-1472.512265041789
2025-07-14 14:10:00+00:00,6291.25,6292.5,6290.25,6290.25,1439,137,-866,-642,-935,-730,6290.374206216079,6290.342237677022,6290.285103003175,6290.306955060743,6290.314875173105,6290.6390024062575,6291.0730180020055,6291.449968886925,-1187.6248577524716,-1241.2941792463782,-1411.3327534317677,-1609.8542023775638,-1625.5373823482353,-1729.6540369777154,-1614.723221173467,-1465.1240833000797
2025-07-14 14:11:00+00:00,6290.25,6291.5,6289.75,6291.0,800,-34,-737,-737,-801,-764,6290.513271501395,6290.473790141618,6290.387231145579,6290.36995914613,6290.374451245009,6290.65315917464,6291.071572100976,6291.445491584567,-1093.4860004741445,-1145.8353433971026,-1318.856645798658,-1532.9583657977853,-1550.6210882309974,-1691.7852512138834,-1597.8772167937943,-1458.1477242622682
2025-07-14 14:12:00+00:00,6290.75,6291.0,6286.0,6286.25,4455,-1337,-765,-755,-2106,-2101,6289.565877834419,6289.629032113295,6289.796198124783,6289.995417405573,6290.015803310661,6290.48048626583,6290.976095425709,6291.393795150891,-1317.378000368779,-1336.8682747176822,-1430.5914106845642,-1584.5985143616228,-1598.4801240369977,-1707.8328884211821,-1607.8400441840163,-1464.54426431936
2025-07-14 14:13:00+00:00,6286.0,6291.5,6284.75,6291.0,4690,-340,-2103,-2103,-3131,-2441,6289.884571648992,6289.903225690636,6289.968169821243,6290.086743095975,6290.101385631473,6290.500859353445,6290.976568783615,6291.3898767911805,-1567.071778064606,-1557.6946197741458,-1574.9354948724836,-1662.4531948742026,-1671.742721946824,-1736.5845398556455,-1624.3382611308675,-1474.2602417888193
2025-07-14 14:14:00+00:00,6291.0,6292.0,6289.5,6292.0,1863,205,-2444,-2236,-2583,-2236,6290.354666838105,6290.322580552509,6290.258431275351,6290.2606755417955,6290.266482533084,6290.559649182722,6290.996834748296,6291.395947668881,-1715.722494050249,-1693.355695819317,-1669.3732813192717,-1714.5938135220024,-1720.8085722123178,-1756.1694598613064,-1636.4503747718404,-1481.8397418705226
2025-07-14 14:15:00+00:00,6292.0,6294.0,6291.75,6294.0,3452,1122,-2233,-1114,-2233,-1114,6291.164740874082,6291.058064442008,6290.792941093158,6290.600614128904,6290.591136225859,6290.694564901047,6291.0563033671415,6291.42185863735,-1582.0063842613047,-1577.4845566554536,-1590.0342411308043,-1659.994375929093,-1668.0426094112468,-1730.9863437883141,-1626.1048227961603,-1478.1796449364876
2025-07-14 14:16:00+00:00,6293.75,6295.25,6292.75,6294.75,2671,761,-1115,-348,-1115,-353,6291.9614651242855,6291.796451553607,6291.358235222708,6290.977831026276,6290.952776554046,6290.8536015715945,6291.1294458747225,6291.454974471804,-1308.8938544254593,-1332.587645324363,-1413.3150638264037,-1541.1767053900844,-1553.691078158095,-1676.9476636397528,-1600.8948263051473,-1466.9838275739355
2025-07-14 14:17:00+00:00,6295.0,6297.25,6294.5,6295.75,2791,477,-352,422,-357,124,6292.803361763333,6292.5871612428855,6291.985630190893,6291.411664569342,6291.369926418912,6291.045617196238,6291.220941996015,6291.497711044224,-990.4729978864683,-1041.2701162594904,-1193.6986261369175,-1389.7970049000767,-1407.8048974486956,-1606.3222650656448,-1566.738493110986,-1451.1531427224536
2025-07-14 14:18:00+00:00,6295.75,6296.5,6295.0,6295.5,1414,-88,120,155,12,36,6293.402614704814,6293.169728994309,6292.487683020766,6291.7833314266745,6291.72906325205,6291.220298874817,6291.305675817876,6291.537534814929,-762.3678872450309,-825.8160930075924,-1018.0273938316436,-1260.179095363706,-1282.2566454966352,-1541.9174703571882,-1535.001097207798,-1436.3555990137725
2025-07-14 14:19:00+00:00,6295.5,6296.0,6294.0,6295.25,1528,-444,24,24,-479,-408,6293.813144770411,6293.585783195447,6292.882299732086,6292.098483115158,6292.035231664915,6291.378326369922,6291.383781247226,6291.57447476702,-683.6194678572463,-742.2528744060739,-930.880623284266,-1182.7082685124599,-1206.234328496928,-1497.450118578475,-1512.6842437977425,-1426.123204993735
2025-07-14 14:20:00+00:00,6295.25,6296.0,6294.25,6296.0,1537,275,-407,-133,-407,-133,6294.2991125992085,6294.068626556358,6293.327685484645,6292.453166468325,6292.379994128836,6291.559568473063,6291.4751915195575,6291.618509843965,-561.2595861111915,-620.4022995248592,-816.8976771007995,-1087.280244102236,-1112.9096042798037,-1443.942270791084,-1485.3637637225397,-1413.2563074316083
2025-07-14 14:21:00+00:00,6296.0,6299.5,6296.0,6299.0,6435,1433,-132,1536,-132,1300,6295.343754243829,6295.054901245087,6294.138016129697,6293.048333153023,6292.955646813286,6291.8513501015705,6291.624197628081,6291.691957507209,-147.646344753149,-236.3218396198874,-514.4837232292567,-870.2547673656692,-903.0913778206905,-1336.3366915443748,-1430.2080456290241,-1386.258732233284
2025-07-14 14:22:00+00:00,6299.25,6299.75,6298.5,6299.0,2103,-373,1301,1310,927,927,6296.156253300755,6295.843920996071,6294.832585254026,6293.589393775475,6293.481242742566,6292.1316893132735,6291.770253120594,6291.764674347934,91.1639540808841,-3.657471695909935,-308.55747705364865,-706.8679703324265,-743.9529971406305,-1247.5783899151836,-1383.5306585868652,-1363.2412324100674
2025-07-14 14:23:00+00:00,6299.25,6299.75,6298.25,6298.25,1588,218,928,1253,916,1145,6296.621530345032,6296.325136796857,6295.320787360593,6294.013085250432,6293.895917286691,6292.371623065695,6291.898564939988,6291.829204951437,325.34974206290985,226.07402264327206,-100.90640890312746,-538.5163366658422,-579.6962147805757,-1153.751786389098,-1333.460744555442,-1338.283608206982
2025-07-14 14:24:00+00:00,6298.25,6298.5,6296.75,6298.0,1842,-492,1144,1150,561,653,6296.9278569350245,6296.6601094374855,6295.703532023366,6294.375532045847,6294.252794044371,6292.592343729785,6292.019385436226,6291.890605897193,398.16091049337433,311.45921811461767,6.7945066544621655,-430.19666969622017,-472.5052395822648,-1082.898775158153,-1294.1248882276116,-1318.4698409611415
2025-07-14 14:25:00+00:00,6298.0,6298.25,6294.0,6294.5,3512,-694,655,734,-123,-41,6296.388333171685,6296.228087549989,6295.531598877172,6294.386847314406,6294.2742902144255,6292.667153779597,6292.068506516696,6291.91657001762,300.56959705040225,240.96737449169416,-0.03328001046100018,-394.81515426929104,-434.98304483598093,-1042.039999661755,-1269.3105340052825,-1305.7586982650107
2025-07-14 14:26:00+00:00,6294.5,6295.5,6294.0,6295.25,1696,160,-38,126,-58,119,6296.135370244644,6296.0324700399915,6295.491370466148,6294.465315740369,6294.359134543606,6292.768441866672,6292.131506387653,6291.949738475157,260.2207977058684,216.57389959335535,16.971474276747713,-348.10468569935546,-386.8106061545913,-996.5090192828627,-1241.8192363022076,-1291.5819947996872
2025-07-14 14:27:00+00:00,6295.0,6295.0,6291.25,6292.25,3826,-1260,110,110,-1342,-1141,6295.271954634723,6295.275976031993,6295.028317542413,6294.263923400335,6294.1757315398145,6292.748110813078,6292.133852795818,6291.952726152021,-51.16160178432457,-54.940880325315725,-148.45302204850196,-420.18607790850496,-452.3922925759312,-1002.1753322521622,-1239.822815781372,-1290.0836664932226
2025-07-14 14:28:00+00:00,6292.25,6292.25,6288.25,6289.25,4127,-861,-1157,-1157,-2304,-2002,6293.933742493674,6294.070780825595,6294.202843607783,6293.808112182123,6293.747407058092,6292.610929996878,6292.076746799861,6291.9258333544885,-484.6812458322524,-444.3527042602526,-413.24544747014454,-563.9873435531863,-587.1407888736763,-1041.3841427520774,-1254.9154332906517,-1297.1674111052305
2025-07-14 14:29:00+00:00,6289.0,6289.75,6288.25,6289.25,2485,-427,-2003,-2003,-2499,-2429,6292.892910828413,6293.106624660476,6293.495294520957,6293.393738347385,6293.356328183476,6292.479128820531,6292.020771615706,6291.899208146981,-916.7520800917518,-841.2821634082021,-701.2103835458382,-733.5339486847148,-747.3024594064002,-1095.800450879447,-1278.1646326314308,-1308.4294269151287
2025-07-14 14:30:00+00:00,6289.25,6291.0,6287.5,6290.25,3904,462,-2433,-1953,-2573,-1967,6292.305597310988,6292.535299728382,6293.031681017964,6293.107943952168,6293.086212689261,6292.39171200404,6291.985706831236,6291.882798115668,-1150.1405067380292,-1066.4257307265618,-882.0374716107185,-845.6672260770134,-853.3631151101915,-1129.965139080253,-1291.8049369357589,-1314.982367940849
2025-07-14 14:31:00+00:00,6290.25,6291.5,6289.25,6289.75,2266,-60,-1966,-1866,-2042,-2027,6291.737686797434,6291.978239782706,6292.562869443969,6292.802676320152,6292.796107238021,6292.288115454861,6291.941435408835,6291.861576243871,-1344.998171907356,-1258.5405845812495,-1045.6035470949016,-953.0611146154667,-955.4184964049575,-1165.1429767633804,-1306.3632550162388,-1322.0671204986515
2025-07-14 14:32:00+00:00,6289.25,6289.5,6286.0,6287.75,4144,-686,-2030,-2023,-2891,-2713,6290.851534175782,6291.1325918261655,6291.87531666626,6292.3433421092295,6292.357315304281,6292.110150142906,6291.858436687868,6291.820665037465,-1648.9985781501657,-1549.4324676649996,-1283.8030403670587,-1113.0555587413335,-1108.2516706306135,-1225.8432521844243,-1334.2174479862142,-1335.907248652894
2025-07-14 14:33:00+00:00,6287.5,6289.25,6286.75,6287.0,1890,36,-2726,-2434,-2728,-2677,6289.995637692275,6290.306073460933,6291.178842856794,6291.857583735663,6291.891461799561,6291.909752098086,6291.762230020781,6291.7726982211725,-1877.44333856124,-1774.9459741319997,-1482.8311774574788,-1255.232326128485,-1244.664568836647,-1282.7513599418978,-1360.8072014914376,-1349.2514551339598
2025-07-14 14:34:00+00:00,6287.0,6288.75,6286.25,6288.25,2352,-360,-2681,-2678,-3174,-3037,6289.607718205102,6289.894858768746,6290.760436734396,6291.529621577875,6291.574812947425,6291.766232407965,6291.692680911458,6291.737646497579,-2135.122596658742,-2027.3567793055997,-1704.8552949635534,-1417.21120557135,-1400.519823720417,-1351.545424257902,-1393.9991380955676,-1366.0449729933234
2025-07-14 14:35:00+00:00,6288.25,6290.5,6287.5,6290.0,2453,367,-3038,-2658,-3172,-2670,6289.694891937302,6289.915887014998,6290.651802915197,6291.390565070796,6291.437872691127,6291.696968391966,6291.659162477568,6291.720356482678,-2253.9842418456883,-2155.88542344448,-1842.7331099687601,-1531.1010959739547,-1510.9094042664678,-1403.249525267396,-1419.2664818956553,-1379.0196498789621
2025-07-14 14:36:00+00:00,6290.0,6291.25,6289.25,6289.75,1564,152,-2667,-2449,-2667,-2518,6289.707138173457,6289.8827096119985,6290.522973927312,6291.241422791632,6291.2911011527685,6291.62061669032,6291.6213572799925,6291.700750945537,-2312.654410324424,-2228.308338755584,-1939.1998085446517,-1620.8191781581406,-1598.4824995476447,-1446.9652301588706,-1441.023581264058,-1390.3527876911119
2025-07-14 14:37:00+00:00,6290.0,6292.75,6290.0,6291.5,2354,648,-2509,-1762,-2533,-1870,6290.1055519126885,6290.206167689599,6290.662549080554,6291.264929810574,6291.309266269919,6291.615886624033,6291.618954165537,6291.698753423691,-2214.2867635856633,-2156.6466710044674,-1929.3141216097015,-1643.471980143764,-1622.0927169782844,-1463.5548289761698,-1449.5181638132847,-1395.1253967688124
2025-07-14 14:38:00+00:00,6291.25,6292.5,6290.75,6292.25,1421,33,-1871,-1804,-1973,-1837,6290.582095932091,6290.614934151679,6290.889327783332,6291.354481645976,6291.39106920297,6291.640753815248,6291.631450122654,6291.704238464252,-2130.445260566627,-2092.717336803574,-1916.1263899511728,-1661.065436494331,-1640.78030680626,-1478.199737643771,-1457.1910714605463,-1399.5221589900184
2025-07-14 14:39:00+00:00,6292.0,6292.75,6290.75,6291.25,1059,15,-1841,-1721,-1847,-1822,6290.730519058293,6290.741947321344,6290.940852385714,6291.344983314523,6291.378802315756,6291.625430136219,6291.623896654879,6291.699718678538,-2061.901869329599,-2038.5738694428594,-1902.679762815291,-1675.6958513584825,-1656.53854099702,-1491.682100873427,-1464.4150106395452,-1403.725918602058
2025-07-14 14:40:00+00:00,6291.5,6293.0,6290.25,6292.25,1597,121,-1821,-1694,-1949,-1701,6291.0681814897835,6291.043557857076,6291.12787347347,6291.427257558657,6291.4545586361255,6291.649923072054,6291.636294740921,6291.705194114573,-1981.7014539230213,-1971.0590955542878,-1873.8683681273924,-1677.9962285077113,-1660.4047548233661,-1499.8906459372142,-1469.0998619140096,-1406.6838696607442
2025-07-14 14:41:00+00:00,6292.25,6293.5,6291.5,6293.0,1101,37,-1700,-1644,-1828,-1664,6291.497474492054,6291.4348462856615,6291.3953201201175,6291.570234144234,6291.58894484168,6291.702867265307,6291.663298805457,6291.718077755224,-1911.1011308290165,-1909.6472764434302,-1843.8871726806221,-1676.7238440979193,-1660.7173848387256,-1506.3263068808528,-1472.9592705889797,-1409.2442291666075
2025-07-14 14:42:00+00:00,6292.75,6293.25,6291.5,6293.0,1103,-173,-1665,-1617,-1855,-1837,6291.831369049375,6291.74787702853,6291.624560102959,6291.7002128583945,6291.71164529023,6291.753735215687,6291.689768136042,6291.730833200446,-1894.6342128670128,-1895.1178211547442,-1842.9032908691047,-1691.294403725381,-1676.0463078962277,-1519.293902689447,-1480.1679979040493,-1413.500505493308
2025-07-14 14:43:00+00:00,6293.0,6293.5,6291.25,6292.0,1326,-138,-1834,-1709,-2041,-1975,6291.868842593958,6291.7983016228245,6291.678194373965,6291.727466234904,6291.736719612819,6291.763392658209,6291.6959113412695,6291.7335114770585,-1912.4932766743434,-1911.0942569237955,-1861.7742493163755,-1717.0858215685282,-1702.0422811226429,-1537.164730034959,-1489.9666514108999,-1419.087565140141
2025-07-14 14:44:00+00:00,6292.0,6292.75,6291.25,6292.25,763,25,-1974,-1946,-2005,-1950,6291.9535442397455,6291.88864129826,6291.75988089197,6291.774969304458,6291.781352689965,6291.782475299064,6291.706883393917,6291.7386506663415,-1920.8281040800448,-1918.8754055390364,-1874.3779279854648,-1738.259837789571,-1723.603821894587,-1553.3543484649606,-1499.07622267009,-1424.3702759347664
2025-07-14 14:45:00+00:00,6292.25,6294.0,6291.25,6293.75,1625,89,-1949,-1850,-2100,-1861,6292.352756630913,6292.260913038608,6292.044183621689,6291.954517549507,6291.952539412578,6291.859633130473,6291.747341148493,6291.758664092547,-1907.5329698400349,-1907.3003244312292,-1872.4667954161127,-1749.4180343541555,-1735.551315642884,-1565.4188838192758,-1506.2430301419693,-1428.7148503035746
2025-07-14 14:46:00+00:00,6293.75,6294.5,6293.5,6293.75,1594,140,-1847,-1439,-1858,-1721,6292.663255157377,6292.5587304308865,6292.287871675733,6292.117743226824,6292.108840333223,6291.933765164573,6291.786997759415,6291.778478380184,-1866.0811987644715,-1870.0402595449834,-1850.8286817852395,-1746.8345766855957,-1734.2859838478507,-1571.5201040616573,-1510.4956434064848,-1431.6231602508028
2025-07-14 14:47:00+00:00,6294.0,6294.5,6290.75,6291.5,2365,-457,-1719,-1551,-2248,-2178,6292.404754011293,6292.34698434471,6292.1753185792,6292.061584751658,6292.055897695552,6291.916754765963,6291.781314635466,6291.775707451028,-1935.3964879279224,-1931.6322076359868,-1897.5674415302053,-1786.0314333505414,-1772.869811339342,-1595.3036293925727,-1523.7135514578415,-1439.049795472188
2025-07-14 14:48:00+00:00,6291.75,6292.25,6289.75,6290.5,1812,-594,-2177,-2137,-2834,-2772,6291.981475342117,6291.977587475769,6291.9359873536005,6291.919622501508,6291.920602243765,6291.861195755533,6291.7559420684265,6291.76301384455,-2121.308379499495,-2099.7057661087897,-2022.4863784544618,-1875.664939409583,-1859.750697309834,-1641.448585102668,-1548.4320949933297,-1452.3129815868926
2025-07-14 14:49:00+00:00,6290.75,6291.25,6289.0,6289.75,1468,-364,-2771,-2748,-3154,-3136,6291.485591932757,6291.532069980615,6291.623703445944,6291.72238409228,6291.7318542225685,6291.77840376512,6291.716220443309,6291.742983856047,-2346.795406277385,-2306.9646128870318,-2181.559752960967,-1990.2408540087117,-1970.7288975437616,-1700.0584445104066,-1579.8690832112834,-1469.0660862477196
2025-07-14 14:50:00+00:00,6289.5,6290.75,6288.75,6290.0,1375,-163,-3138,-3031,-3341,-3299,6291.155460392145,6291.225655984493,6291.391745810809,6291.565803720254,6291.581258203215,6291.708662440998,6291.682235880075,6291.725640733102,-2558.396427104633,-2505.3716903096256,-2341.1940739665433,-2109.218958189738,-2086.2307325399565,-1762.7620349217632,-1613.911279583337,-1487.2743838969961
2025-07-14 14:51:00+00:00,6290.0,6293.75,6290.0,6293.25,2255,617,-3300,-2682,-3314,-2682,6291.620913638335,6291.630524787594,6291.65721069498,6291.7189124729575,6291.726366185544,6291.769107051155,6291.713280714132,6291.740808487002,-2585.863887748048,-2540.6973522477006,-2389.8806348284656,-2161.2899619906707,-2138.036755797352,-1798.81058257189,-1635.061551274756,-1499.162200972648
2025-07-14 14:52:00+00:00,6293.5,6294.0,6292.25,6293.0,1463,107,-2678,-2540,-2701,-2575,6291.927377274261,6291.904419830076,6291.849037738554,6291.835374975416,6291.837116952019,6291.817377362874,6291.7387603039515,6291.753337755788,-2583.449690470704,-2547.5578817981605,-2416.3262584243994,-2198.899965446064,-2176.0335596410605,-1829.2493832553455,-1653.6741938237708,-1509.8670546943133
2025-07-14 14:53:00+00:00,6293.25,6294.5,6292.75,6294.25,1251,453,-2572,-2117,-2572,-2122,6292.443515657758,6292.3735358640615,6292.192032347332,6292.054886341287,6292.046932869235,6291.912774329036,6291.788487822685,6291.778180166179,-2480.9053148105477,-2462.4463054385287,-2374.279650078057,-2191.909059496422,-2171.33498923749,-1840.729799598273,-1662.947972163894,-1515.957929771982
2025-07-14 14:54:00+00:00,6294.25,6294.25,6293.25,6293.5,1070,48,-2108,-2037,-2168,-2074,6292.678289956034,6292.59882869125,6292.378884869142,6292.186260310261,6292.17328653278,6291.9750184729955,6291.822379152929,6291.795312701839,-2390.481911519315,-2384.757044350823,-2331.382557209763,-2181.1900540876563,-2162.8710771298825,-1849.8776505944193,-1671.0876162794605,-1521.5105871871863
2025-07-14 14:55:00+00:00,6293.5,6296.75,6293.25,6296.5,2792,980,-2077,-1082,-2108,-1094,6293.527558854693,6293.379062953,6292.967615602122,6292.578418463873,6292.549522486452,6292.152468728957,6291.915005308317,6291.842125510776,-2102.374820070578,-2126.6056354806583,-2154.6136204655113,-2082.354594625142,-2069.92576607511,-1820.235389786795,-1659.6601387293722,-1517.2567504987567
2025-07-14 14:56:00+00:00,6296.5,6296.75,6295.0,6295.5,2399,-99,-1083,-821,-1275,-1193,6293.965879109206,6293.803250362401,6293.329384801819,6292.84401678534,6292.8060857485,6292.283744465076,6291.985995302211,6291.878522271863,-1900.2915267215608,-1939.8845083845267,-2017.2402461132956,-2001.5041769319473,-1993.6713516337961,-1795.6379235206462,-1650.419343903048,-1514.0303151704109
2025-07-14 14:57:00+00:00,6295.5,6297.0,6294.75,6297.0,993,91,-1197,-1101,-1377,-1102,6294.640128196049,6294.442600289921,6293.853758401559,6293.221833441217,6293.170773944283,6292.468695662524,6292.08528252395,6291.929482249258,-1722.893409672325,-1772.3076067076215,-1886.491639525682,-1919.731069938134,-1916.1347123612923,-1768.436436323758,-1639.5595549148688,-1509.930511039362
2025-07-14 14:58:00+00:00,6297.0,6298.0,6296.75,6297.25,2168,106,-1088,-897,-1115,-996,6295.220099708038,6295.004080231937,6294.338935772766,6293.588030401106,6293.525489253476,6292.656197793405,6292.187554157139,6291.982422724391,-1561.3615408562528,-1617.0460853660973,-1759.2785481648705,-1835.7555181255761,-1836.122998242919,-1738.1448113698852,-1626.8158013521982,-1504.8167746111098
2025-07-14 14:59:00+00:00,6297.25,6297.5,6296.25,6297.5,984,-34,-995,-995,-1168,-1030,6295.726744217363,6295.5032641855505,6294.790516376656,6293.943664001005,6293.871098883608,6292.846150821115,6292.292751104522,6292.037323990815,-1443.2811984437521,-1499.6368682928778,-1655.095898427032,-1762.5050164777965,-1766.0253462217956,-1710.374426610282,-1614.9976666719565,-1500.092229590104
2025-07-14 15:00:00+00:00,6297.25,6297.75,6295.5,6297.75,2329,-431,-1032,-962,-1517,-1461,6296.176356613505,6295.952611348441,6295.21329975142,6294.289694546368,6294.20839463286,6293.0384586320515,6292.400815439086,6292.094166538171,-1447.218709900696,-1491.9094946343023,-1627.367912937456,-1735.0954695252694,-1739.5014030720745,-1700.5950373314474,-1611.9482079259772,-1499.7032521812473
2025-07-14 15:01:00+00:00,6297.75,6301.0,6297.5,6299.25,5781,1061,-1447,121,-1462,-400,6296.859388477171,6296.612089078753,6295.789971215503,6294.740631405789,6294.646795099568,6293.282048489618,6292.536442856133,6292.165368861174,-1214.5034410338747,-1273.5275957074418,-1452.0296396606766,-1613.7231541138813,-1623.023020196242,-1649.591310377273,-1587.9492335116013,-1488.760931264021
2025-07-14 15:02:00+00:00,6299.0,6299.75,6297.75,6299.0,1791,-135,-401,-351,-638,-535,6297.335079926688,6297.089671263003,6296.2485467561455,6295.1278467325355,6295.0253346561285,6293.5062818821825,6292.664434086705,6292.2333751411625,-1063.5026763596802,-1125.8220765659535,-1321.0254054234372,-1515.6574128308011,-1528.412322787873,-1605.881847225223,-1567.0987536400844,-1479.270772743981
2025-07-14 15:03:00+00:00,6299.0,6300.0,6298.5,6299.5,1262,-96,-528,-501,-641,-631,6297.816173276313,6297.571737010403,6296.713040076696,6295.5253152113955,6295.4144359903785,6293.741329651509,6292.799791827562,6292.305679866126,-967.3909705019735,-1026.857661252763,-1222.4503475058034,-1435.2340116643647,-1450.376468632406,-1567.6511865497241,-1548.5621446571124,-1470.8302675425484
2025-07-14 15:04:00+00:00,6299.5,6300.5,6296.75,6297.0,2912,-628,-634,-364,-1263,-1259,6297.634801437132,6297.457389608323,6296.754034351455,6295.6593774649045,6295.552311121651,6293.869120645568,6292.882964266621,6292.3523895192,-1032.1929770570905,-1073.2861290022104,-1227.671726433546,-1419.2127378766952,-1433.7350365774141,-1555.547218449735,-1542.8282408025161,-1468.7225036864038
2025-07-14 15:05:00+00:00,6296.75,6298.0,6295.25,6296.5,2919,-315,-1260,-1161,-1690,-1574,6297.382623339992,6297.265911686659,6296.717743729819,6295.735797695367,6295.634718850203,6293.972292384958,6292.954588736588,6292.393659275228,-1152.5945377110704,-1173.4289032017684,-1277.1471940858967,-1433.284307160632,-1445.9319899185086,-1556.2708569419024,-1543.4455033608822,-1469.7700409631561
2025-07-14 15:06:00+00:00,6296.5,6297.75,6295.75,6297.25,1627,47,-1595,-1377,-1599,-1527,6297.353151486661,6297.262729349328,6296.7937803398445,6295.873452450333,6295.77517808062,6294.1008299384885,6293.0396463853685,6292.441981073484,-1235.7957515530547,-1244.1431225614149,-1312.8404520736258,-1441.8039156005743,-1452.981382099508,-1555.1229801990828,-1543.1198498289834,-1470.3394932918811
2025-07-14 15:07:00+00:00,6297.25,6298.75,6296.75,6298.5,2117,659,-1526,-831,-1535,-868,6297.608006711847,6297.510183479462,6297.037526005582,6296.112229500303,6296.012119117088,6294.273346411489,6293.14777219952,6292.502259868774,-1154.0633623190427,-1168.914498049132,-1249.291816063108,-1389.6399232732495,-1402.1134358299857,-1528.1769809755895,-1529.7511399313798,-1464.3460654979322
2025-07-14 15:08:00+00:00,6298.25,6299.5,6297.75,6298.5,1381,411,-867,-446,-907,-457,6297.806227442547,6297.708146783571,6297.246450861928,6296.3292995457305,6296.228456585168,6294.439097532607,6293.25375690844,6292.561938875055,-999.1603929148109,-1026.5315984393055,-1136.1072709112354,-1304.854475702954,-1319.9296588012915,-1486.1700405451743,-1508.5085431010555,-1454.3227215626293
2025-07-14 15:09:00+00:00,6298.5,6299.0,6297.5,6298.5,1058,82,-461,-371,-539,-375,6297.960399121981,6297.866517426857,6297.425529310224,6296.526635950664,6296.425982099501,6294.598348609759,6293.357642910253,6292.621024060378,-860.4580833781863,-896.2252787514444,-1027.377660781059,-1220.3222506390491,-1237.761862383788,-1442.5947448375205,-1486.062829376282,-1443.583191994842
2025-07-14 15:10:00+00:00,6298.5,6299.75,6298.0,6298.25,1134,40,-376,-237,-376,-335,6298.024754872652,6297.943213941486,6297.543310837335,6296.683305409694,6296.584592351719,6294.741550625063,6293.454521268466,6292.67703377122,-743.689620405256,-783.9802230011555,-928.4665663837649,-1139.8384096718628,-1159.2608308721542,-1399.1596568046766,-1463.2695060222961,-1432.5525134675304
2025-07-14 15:11:00+00:00,6298.5,6299.5,6298.5,6299.0,1062,-30,-334,-272,-389,-365,6298.241476012063,6298.154571153189,6297.751409289145,6296.893914008812,6296.794627799396,6294.908548639766,6293.564332728496,6292.739948858073,-659.5363714263102,-700.1841784009245,-847.9713426146557,-1069.398554247148,-1090.19467166588,-1358.6043761456697,-1441.5215950119537,-1421.9301003982018
2025-07-14 15:12:00+00:00,6299.0,6300.0,6298.5,6299.5,1299,293,-370,-58,-419,-72,6298.521148009382,6298.423656922551,6298.001207962125,6297.130830917102,6297.02987755597,6295.088605555854,6293.681870694269,6292.807213048541,-528.9727333315747,-574.5473427207396,-737.1182936697049,-978.7259584064982,-1001.6560045644991,-1308.1493025713298,-1414.4023555067665,-1408.4979600957322
2025-07-14 15:13:00+00:00,6299.5,6300.5,6299.25,6299.5,1131,253,-61,242,-94,181,6298.738670673964,6298.638925538042,6298.215321110393,6297.346209924638,6297.244670811973,6295.261601416409,6293.79708117557,6292.873807943581,-371.201014813447,-423.4378741765917,-605.9585374311757,-873.2963258240892,-898.8163519936732,-1249.7512907057876,-1382.8102296551474,-1392.6820599952773
2025-07-14 15:14:00+00:00,6299.75,6300.5,6298.5,6299.5,1148,-20,182,306,124,161,6298.907854968639,6298.811140430434,6298.398846666051,6297.542009022398,6297.440786393541,6295.42781312557,6293.910010261203,6292.939740202849,-252.93412263268098,-306.5502993412734,-496.39303208386497,-779.2693871128083,-806.6584083420495,-1194.4277106781096,-1352.2397300580158,-1377.2225370102497
2025-07-14 15:15:00+00:00,6299.25,6299.75,6298.0,6299.25,1186,-58,160,260,68,103,6298.983887197831,6298.898912344347,6298.520439999473,6297.697280929452,6297.5981093158425,6295.57770280692,6294.015752632268,6293.002528857547,-173.83765093652966,-224.6402394730187,-410.7654560718843,-699.063079193462,-727.5576771818713,-1143.5481926123014,-1323.4231017400352,-1362.4939545524362
2025-07-14 15:16:00+00:00,6299.25,6300.75,6296.75,6297.75,1758,-228,101,311,-186,-125,6298.709690042758,6298.669129875479,6298.410377142405,6297.702073572229,6297.611317201422,6295.662890932139,6294.089698124699,6293.0497673763775,-162.98483961730085,-204.71219157841497,-369.94181949018656,-646.8755265395109,-675.1613574269261,-1103.6051262353485,-1299.6919512105296,-1350.1805818703224
2025-07-14 15:17:00+00:00,6297.5,6298.75,6297.5,6297.75,991,-163,-127,-61,-288,-288,6298.496425588812,6298.485303900384,6298.316037550633,6297.7064305202075,6297.623376575211,6295.744738346565,6294.162179349953,6293.096535860195,-190.76598636901178,-221.369753262732,-358.23584527730276,-614.2504786722826,-641.4951524332804,-1071.6206114810211,-1279.6584472261627,-1339.6116208566873
2025-07-14 15:18:00+00:00,6298.0,6298.75,6297.0,6298.5,1080,-92,-285,-266,-437,-380,6298.497219902409,6298.488243120308,6298.342317900543,6297.7785732001885,6297.699604699106,6295.852787823171,6294.248076788567,6293.150301672532,-232.8179893981203,-253.09580261018561,-361.3450102376881,-592.954980611166,-618.7564435260387,-1044.4982345601968,-1261.843428469209,-1330.0632465198048
2025-07-14 15:19:00+00:00,6298.5,6299.5,6297.75,6298.75,939,219,-382,-126,-422,-161,6298.553393257429,6298.540594496247,6298.400558200466,6297.866884727444,6297.790943420923,6295.9664039869685,6294.337223782853,6293.206020063851,-216.85843619853802,-234.6766420881485,-332.72429448944695,-553.6863460101508,-578.9515353933397,-1009.8512449696009,-1240.0445486975414,-1318.43077640518
2025-07-14 15:20:00+00:00,6298.75,6299.0,6297.5,6298.0,1088,-338,-159,-155,-525,-499,6298.430416978001,6298.432475596997,6298.3433356004,6297.878986115858,6297.809122253887,6296.046152850225,6294.409754004974,6293.253721356748,-279.55656148775176,-287.54131367051883,-356.47796670524025,-548.714860009228,-571.9992279678319,-989.8178628139303,-1225.370399218382,-1310.277236341447
2025-07-14 15:21:00+00:00,6298.0,6298.75,6297.25,6297.5,587,-91,-500,-500,-617,-590,6298.223657649556,6298.245980477598,6298.222859086058,6297.844532832599,6297.782242057897,6296.103166463941,6294.470946994975,6293.295972885538,-348.5439922682514,-348.03305093641507,-389.8382571759202,-552.4680545538437,-573.5645124923683,-974.1387309388742,-1212.7888071546517,-1303.1102986664077
2025-07-14 15:22:00+00:00,6297.75,6298.25,6297.25,6297.75,507,-61,-564,-564,-684,-651,6298.118400394099,6298.146784382079,6298.15530778805,6297.835938938726,6297.779438400688,6296.167748171238,6294.535878737648,6293.340291563294,-415.75643843086215,-408.6264407491321,-427.1470775793602,-561.4255041398578,-580.2980331452059,-961.4666238432321,-1201.664276319906,-1296.6216389781848
2025-07-14 15:23:00+00:00,6298.0,6300.25,6297.75,6299.75,1228,242,-648,-393,-692,-409,6298.480978084299,6298.467427505664,6298.383120961186,6298.0099444897505,6297.950791583237,6296.308228635111,6294.639128663635,6293.404069756694,-414.25500766844834,-408.7011525993057,-424.55463792516593,-547.5686401271435,-565.4025520021445,-939.8012660454583,-1185.9679540165416,-1287.7895828689493
2025-07-14 15:24:00+00:00,6299.75,6300.0,6299.0,6300.0,819,143,-412,-260,-412,-266,6298.8185385100105,6298.773942004532,6298.614103681017,6298.190858627046,6298.128983619478,6296.453003982754,6294.745284531682,6293.469700903394,-381.30945040879317,-380.1609220794446,-401.903975364428,-521.9714910246759,-539.367547480219,-913.3776869848522,-1167.7507668082933,-1277.62252234289
2025-07-14 15:25:00+00:00,6299.75,6300.5,6299.25,6299.5,1138,106,-269,-96,-270,-160,6298.969974396675,6298.919153603626,6298.7406602980145,6298.309871479132,6298.248202435176,6296.572494022646,6294.839437313232,6293.529703879481,-332.1295725401725,-336.1287376635557,-367.3462645980812,-489.0649918406144,-506.3790650906347,-883.8334639658384,-1147.7953060794162,-1266.5019002300255
2025-07-14 15:26:00+00:00,6299.25,6302.0,6299.25,6301.25,2106,812,-161,759,-161,652,6299.476646752969,6299.385322882901,6299.099137398299,6298.57715589012,6298.509228310379,6296.755925629602,6294.966379148614,6293.606522746351,-113.43411197568972,-138.50299013084455,-221.72536965549818,-385.3318107641949,-405.65045073492735,-823.6047006730605,-1112.1557950679426,-1247.4123290834582
2025-07-14 15:27:00+00:00,6301.25,6301.5,6300.75,6301.5,936,-4,653,681,597,648,6299.926280807865,6299.8082583063215,6299.4421177699705,6298.842868991018,6298.769295413825,6296.941967761774,6295.095757779334,6293.685064808577,55.773468463352444,18.797607895324347,-97.47888827614132,-291.3925552401772,-314.0286724101511,-765.8947124113719,-1077.3012248685773,-1228.5525049134735
2025-07-14 15:28:00+00:00,6301.5,6303.75,6301.25,6303.75,2809,1051,663,1699,578,1699,6300.775996183895,6300.596606645057,6300.057529517118,6299.288971810016,6299.202400160449,6297.2089494181755,6295.267128912416,6293.785213417447,420.9349199159408,354.8380863162595,159.16095290616457,-110.44777749107017,-138.98270089622494,-669.2321746697495,-1022.3249629899916,-1199.4226292426927
2025-07-14 15:29:00+00:00,6303.75,6304.25,6302.75,6304.25,1872,246,1698,1945,1560,1945,6301.547997031918,6301.327285316046,6300.656453871816,6299.739974372742,6299.641321885627,6297.485069048836,6295.445007547814,6293.889340647124,759.6160488235095,672.8704690530076,414.28081677671247,76.41111137175439,42.233186138229385,-566.7132658591711,-963.566052831774,-1168.134841887044
2025-07-14 15:30:00+00:00,6304.25,6305.0,6303.0,6304.25,2646,106,1946,2432,1946,2051,6302.148442135936,6301.911828252837,6301.169817604414,6300.1499767024925,6300.042076504268,6297.7503604586855,6295.619363833996,6293.9924317849645,1046.590260196063,948.4963752424061,648.0978429514679,255.91919215614035,216.90856125664422,-464.05784366861536,-903.8716755479765,-1136.1036494304567
2025-07-14 15:31:00+00:00,6304.25,6304.75,6302.25,6304.0,2395,-533,2075,2083,1429,1518,6302.559899439062,6302.32946260227,6301.574129375213,6300.499978820448,6300.386243764767,6297.995444362266,6295.785317025402,6294.092009578149,1151.3479801524934,1062.3971001939249,772.3695796726868,370.65381105103666,330.0469472343273,-386.33008509337554,-855.9138205866303,-1109.6946578938353
2025-07-14 15:32:00+00:00,6304.25,6304.25,6302.5,6303.25,1085,-263,1519,1528,1194,1255,6302.713255119271,6302.513570081816,6301.813539464469,6300.749980745862,6300.635266046092,6298.201505367668,6295.933132529849,6294.1831338609545,1174.3817623408281,1100.91768015514,841.3167825765887,451.04891913730603,410.4776474748206,-321.96419940343924,-814.1135469116475,-1086.1653578152898
2025-07-14 15:33:00+00:00,6303.5,6303.75,6302.0,6302.75,1103,-117,1265,1285,1054,1138,6302.721420648322,6302.560856065454,6301.947319540974,6300.931800678056,6300.819155955128,6298.379877706191,6296.0681200045055,6294.2683763100995,1166.2969262650886,1108.334144124112,883.7000993513618,513.4990173975509,473.74046073787974,-264.7107013876181,-775.4578331114169,-1064.034359230063
2025-07-14 15:34:00+00:00,6303.0,6303.5,6302.5,6302.5,885,-5,1146,1350,1133,1133,6302.6722160598065,6302.548684852363,6302.026273892264,6301.074364252778,6300.965316306856,6298.5414511294775,6296.195483964812,6294.350283013482,1158.8976093172912,1113.2673152992897,919.3143708725959,569.8172885432281,531.0673771954555,-209.8985170194762,-737.6665888913889,-1042.173320829764
2025-07-14 15:35:00+00:00,6302.75,6304.25,6301.0,6303.25,2846,-284,1144,1158,485,849,6302.800612490961,6302.688947881891,6302.201091907655,6301.272149320706,6301.163984454086,6298.726100104793,6296.335177351648,6294.438837411358,1090.0314739134487,1060.413852239432,909.2694607479393,595.1975350392983,558.7136922219377,-168.37308497949675,-706.2474485173019,-1023.3556758463833
2025-07-14 15:36:00+00:00,6303.5,6304.5,6303.25,6304.5,1289,121,851,1065,851,970,6303.178254159636,6303.051158305513,6302.529507349419,6301.565590291551,6301.454072762426,6298.9525275516635,6296.496857008051,6294.538948481892,1063.3578130437934,1042.3310817915456,917.9452520696623,629.2704863993621,594.4777189852474,-123.73100321559492,-673.054429734781,-1003.521291012091
2025-07-14 15:37:00+00:00,6304.5,6304.75,6303.0,6303.5,970,20,971,1043,829,990,6303.249753235272,6303.140926644411,6302.668149156645,6301.741445719592,6301.631979478737,6299.13085980454,6296.635533106902,6294.628113173614,1047.0560768118394,1031.8648654332364,928.238787488282,662.0640785448746,628.8709608126172,-80.05527759929709,-640.1226588489437,-983.685258265702
2025-07-14 15:38:00+00:00,6303.5,6304.75,6303.5,6304.25,682,24,989,1056,955,1014,6303.4720302941005,6303.362741315529,6302.894127848554,6301.96949610872,6301.859633437108,6299.331610400441,6296.786314629538,6294.723853341041,1039.710281964764,1028.2918923465893,940.4903892756704,694.0582532226133,662.3604424810853,-37.15114906599132,-607.3677547133211,-963.8077930093269
2025-07-14 15:39:00+00:00,6304.25,6306.0,6304.25,6305.25,1596,524,1013,1635,1000,1538,6303.867134673189,6303.740193052424,6303.230681013047,6302.2677237352,6302.154447920838,6299.563704110227,6296.953912359646,6294.828591118742,1150.4413304170387,1130.2335138772714,1025.8489050934318,770.7802302023757,738.5030127001214,24.61948423071422,-564.8852249170177,-938.9141831286372
2025-07-14 15:40:00+00:00,6305.0,6306.5,6305.0,6306.5,1576,402,1536,1946,1459,1940,6304.452215856924,6304.29215444194,6303.697726582612,6302.652476122909,6302.532322014678,6299.835715713748,6297.142943798069,6294.944724540446,1325.8988125465855,1292.1868111018173,1156.4419186515129,877.0729365476143,842.9810115957631,99.73244563343131,-515.2835372948986,-910.2682708587006
2025-07-14 15:41:00+00:00,6306.25,6306.75,6305.5,6306.75,1666,-12,1936,2067,1770,1928,6304.962834555386,6304.783723553552,6304.133765642239,6303.024978293553,6302.899076622098,6300.1068641171305,6297.33318253474,6295.0621899679045,1459.699076425122,1419.349448881454,1266.6645017012968,972.6117604978311,937.3304888483054,171.42921247133597,-466.9016850712372,-882.0267955267733
2025-07-14 15:42:00+00:00,6306.5,6306.75,6304.75,6305.75,1068,-208,1927,1938,1629,1720,6305.137760209745,6304.976978842842,6304.364656264777,6303.272707539594,6303.146983002785,6300.328163563518,6297.499852187518,6295.168536336383,1517.5437261084282,1479.4795591051632,1331.4267157439688,1040.5561459071191,1005.3887072093224,232.15747864893063,-423.5967012084404,-856.1359816409348
2025-07-14 15:43:00+00:00,6305.5,6306.25,6305.25,6305.75,690,34,1719,1815,1714,1754,6305.2738134964675,6305.131583074274,6304.562562512667,6303.497915945086,6303.373332306892,6300.540784600243,6297.663221451131,6295.2738245320415,1570.0895647509997,1534.3836472841306,1391.7943277805448,1105.414678097381,1070.4853413650335,291.8375775254432,-380.4759744518376,-830.1644793360499
2025-07-14 15:44:00+00:00,6305.75,6305.75,6304.25,6304.5,1099,-115,1755,1892,1596,1639,6305.101854941697,6305.0052664594195,6304.553625010858,6303.589014495533,6303.471303410641,6300.696047949253,6297.798603204574,6295.365627273017,1585.402994806333,1555.3069178273045,1427.1094238118956,1153.9224346339827,1119.9213986376394,344.66747644601406,-340.48635119536556,-805.5956785466365
2025-07-14 15:45:00+00:00,6304.25,6304.75,6302.25,6302.5,2477,-553,1637,1687,1032,1086,6304.523664954653,6304.504213167536,6304.260250009307,6303.490013177757,6303.386842244498,6300.76679116693,6297.89170017082,6295.43661605637,1474.424551516037,1461.4455342618437,1378.379506124482,1147.7476678490752,1116.9717117995838,373.7393401147978,-312.2390967162494,-786.7738309989088
2025-07-14 15:46:00+00:00,6302.5,6304.25,6302.25,6302.5,1676,32,1091,1340,1059,1118,6304.073961631397,6304.10337053403,6304.008785722263,6303.400011979778,6303.309725527586,6300.834760140776,6297.982953632783,6295.506898483671,1395.2190956235843,1392.756427409475,1341.1824338209847,1145.0433344082503,1117.0611281648373,402.9260326593156,-283.9175304446405,-767.8208575561337
2025-07-14 15:47:00+00:00,6302.5,6304.25,6302.25,6304.0,1250,106,1117,1224,979,1224,6304.057525713309,6304.082696427225,6304.007530619083,6303.454556345253,6303.369749394753,6300.958887194079,6298.102103065798,6295.591406956471,1357.1704077072322,1359.00514192758,1324.4420861322726,1152.2212130984094,1126.3601604983298,435.125011770715,-254.05777736652877,-748.0017445456249
2025-07-14 15:48:00+00:00,6304.0,6304.5,6302.75,6302.75,948,-326,1222,1222,897,898,6303.766964443685,6303.81615714178,6303.827883387786,6303.3905057684115,6303.315858143035,6301.029126911958,6298.194140628851,6295.662636737999,1255.1325393278473,1266.8041135420642,1263.5217881133765,1129.1101937258268,1106.5027552376055,453.27697209343205,-231.24475207214206,-731.6236177342257
2025-07-14 15:49:00+00:00,6303.0,6303.25,6302.25,6303.0,745,-29,899,934,854,869,6303.596527900643,6303.652925713424,6303.709614332388,6303.3550052440105,6303.288392217554,6301.106416052666,6298.289306160952,6295.735645327671,1169.3253083661034,1187.2432908336514,1207.1615326686085,1105.4638124780242,1085.8503417386833,469.5798359329053,-209.4577272786343,-715.6970145726912
2025-07-14 15:50:00+00:00,6303.0,6303.0,6302.5,6302.5,689,-49,870,870,763,820,6303.352855033833,6303.42234057074,6303.536812284904,6303.277277494555,6303.21983637255,6301.161066403542,6298.372686236973,6295.802952339336,1091.697462062525,1113.7946326669212,1151.8527422873788,1079.5125567982038,1062.7329207179282,483.32180315122275,-189.0724257483643,-700.4164472635102
2025-07-14 15:51:00+00:00,6302.5,6303.75,6302.5,6303.5,1216,280,800,1148,754,1100,6303.385553915204,6303.437872456592,6303.531553387061,6303.2975249950505,6303.244198427112,6301.252789289677,6298.474217202577,6295.879539878249,1093.542470493075,1111.035706133537,1144.4452076748962,1081.3750516347307,1065.9735363076736,507.5052618511748,-163.54623909988183,-682.5018557484505
2025-07-14 15:52:00+00:00,6303.5,6303.5,6302.5,6303.25,503,5,1101,1128,1002,1105,6303.355430822936,6303.400297965274,6303.491331474624,6303.293204540954,6303.244702911711,6301.331111278318,6298.568787158962,6295.952877789908,1096.0885881612805,1109.8285649068296,1138.810178007054,1083.5227742133914,1069.3671418461367,530.9364280530896,-138.4265115929535,-664.7157676315505
2025-07-14 15:53:00+00:00,6303.5,6304.0,6302.5,6303.25,489,-141,1109,1127,934,964,6303.332001751172,6303.370238372219,6303.456855549678,6303.289276855413,6303.245163528084,6301.406361816423,6298.661484442942,6296.025485971103,1066.735568569885,1080.6628519254637,1113.8372954346178,1072.6570674667194,1060.2047816856032,547.9193132274783,-116.59628364061777,-648.5096405904407
2025-07-14 15:54:00+00:00,6303.0,6303.5,6301.75,6302.5,1225,-429,954,991,533,535,6303.147112473134,6303.196190697776,6303.320161899725,6303.217524414012,6303.180366699556,6301.449249588328,6298.737494651993,6296.089908996267,948.5721088876883,971.530281540371,1031.1462532296725,1023.7791522424722,1014.5348006694638,547.4126734930674,-103.69338693486296,-636.7334252611826
2025-07-14 15:55:00+00:00,6302.5,6302.75,6300.5,6301.0,1781,-483,536,565,24,52,6302.6699763679935,6302.756952558221,6302.988710199765,6303.015931285465,6302.990769595247,6301.431631957413,6298.782296738093,6296.13876562317,749.333862468202,787.6242252322968,891.268217054005,935.4355929477019,930.83612235038,527.9847255129471,-100.61034956981617,-629.8803563531111
2025-07-14 15:56:00+00:00,6301.0,6302.5,6300.75,6301.0,1511,-123,55,164,-73,-71,6302.298870508439,6302.405562046577,6302.704608742656,6302.832664804968,6302.817659195661,6301.414705213985,6298.82621165417,6296.187136114482,567.0374485863794,615.8993801858375,753.8013289034329,843.9414481342744,843.7199377981731,504.495128434008,-100.02400601397822,-624.3193577824334
2025-07-14 15:57:00+00:00,6301.0,6302.25,6300.25,6302.0,1349,67,-72,62,-251,-4,6302.232454839897,6302.324449637262,6302.603950350848,6302.756968004516,6302.746558396038,6301.437657950692,6298.889058948147,6296.244975556129,440.14023778940617,491.91950414867,645.5439962029426,766.8558619402495,770.0051605983319,484.5541430052234,-98.12254054835489,-618.1470258642003
2025-07-14 15:58:00+00:00,6302.0,6302.0,6301.25,6302.0,612,14,-3,13,-51,10,6302.180798208809,6302.25955970981,6302.517671729299,6302.688152731378,6302.681640274644,6301.459710580077,6298.950661741253,6296.302239480944,344.55351828064926,395.535603318936,554.7519967453794,698.050783582045,703.9177553289118,465.9441766128617,-95.98150014145678,-611.8968067013724
2025-07-14 15:59:00+00:00,6302.25,6302.5,6301.75,6302.25,791,143,33,218,33,153,6302.196176384629,6302.2576477678485,6302.479432910828,6302.648320664889,6302.644106337719,6301.490702322035,6299.015995172119,6296.361421177651,301.9860697738383,347.0284826551488,497.3588543531824,648.5007123473137,656.0118635611803,453.671855961377,-91.05117340598238,-604.2858932018563
2025-07-14 16:00:00+00:00,6302.0,6302.5,6300.75,6301.5,850,-102,118,156,29,51,6302.041470521378,6302.106118214279,6302.339513923567,6302.543927877172,6302.544618830091,6301.491066936857,6299.065183386532,6296.412551315188,246.21138760187426,287.8227861241191,433.5933037312992,594.1824657702851,603.4021362949908,437.88080278642104,-88.23827888309164,-597.7656355580568
2025-07-14 16:01:00+00:00,6301.5,6302.25,6301.25,6301.5,441,81,50,160,49,132,6301.921143738849,6301.984894571424,6302.219583363058,6302.449025342883,6302.4537824100835,6301.491417253059,6299.113397576898,6296.463172695137,220.8310792459022,256.6582288992953,390.50854605539934,552.1658779729864,562.410646182383,425.88547718695355,-83.8771248458027,-590.504285950514
2025-07-14 16:02:00+00:00,6301.25,6303.5,6301.25,6303.25,1521,375,130,675,130,507,6302.216445130216,6302.23791565714,6302.366785739764,6302.521841220802,6302.5230187222505,6301.560381282351,6299.195310496168,6296.530703315086,284.4241727468128,306.72658311943627,407.15018233319944,548.0598890663513,557.5923291230454,429.06643886589654,-72.17658772014323,-579.5838452942901
2025-07-14 16:03:00+00:00,6303.25,6303.75,6302.25,6303.0,892,140,508,665,458,647,6302.390568434613,6302.390332525712,6302.457244919798,6302.565310200729,6302.564495355099,6301.616836918338,6299.270650882382,6296.595074426378,364.99657880307666,374.78126649554906,441.41444199988524,557.0544446057738,565.3669091993023,437.61285302801826,-57.935467171229504,-567.3790309132524
2025-07-14 16:04:00+00:00,6303.25,6304.25,6302.75,6303.25,1195,259,648,1016,648,906,6302.581553226921,6302.56226602057,6302.570495645541,6302.627554727936,6302.624104454656,6301.680882529384,6299.3494498748105,6296.6612925912905,485.2195612912818,481.02501319643926,507.7838074284731,588.7767678234308,594.9871779645804,455.98097643868425,-38.84763613813585,-552.7185430434689
2025-07-14 16:05:00+00:00,6303.25,6304.0,6303.0,6303.25,838,136,908,1056,900,1042,6302.730096954272,6302.699812816456,6302.667567696179,6302.68414066176,6302.678530154251,6301.74241654784,6299.42668849115,6296.72685186899,608.948547670997,593.2200105571515,584.1004063672627,629.9788798394825,633.8578581415734,478.9621146175594,-17.44471265025197,-536.8506968440314
2025-07-14 16:06:00+00:00,6303.5,6304.5,6303.5,6304.25,514,128,1046,1181,1045,1170,6303.067853186656,6303.0098502531655,6302.893629453868,6302.82649151069,6302.8151797060555,6301.840753153807,6299.522199610137,6296.801709064323,733.6266481885532,708.5760084457212,667.8003483147967,679.071708944984,680.4789139553496,506.06163953451784,6.069044035891634,-519.8671078207077
2025-07-14 16:07:00+00:00,6304.25,6305.5,6303.75,6305.5,1564,578,1174,1799,1140,1748,6303.608330256288,6303.507880202533,6303.265968103316,6303.069537736991,6303.048642340312,6301.9842530301285,6299.640571895085,6296.888259222887,959.0429485910969,916.460806756577,822.1145842698257,776.2470081318037,773.3068344809715,554.7651046508113,40.562726332210616,-497.301265951845
2025-07-14 16:08:00+00:00,6305.5,6305.5,6304.25,6304.75,882,-260,1749,1759,1456,1488,6303.86203464378,6303.756304162027,6303.477972659985,6303.222307033628,6303.1965864846325,6302.092713695613,6299.741748689241,6296.966485499277,1076.5889600152975,1030.7686454052616,917.2410722312792,840.9518255743669,835.4540662652349,591.36255152725,69.22485056325596,-477.54702449958785
2025-07-14 16:09:00+00:00,6304.75,6306.0,6304.5,6305.75,1029,193,1486,1701,1450,1681,6304.281582500717,6304.155043329622,6303.8025479942735,6303.452097303298,6303.418622442491,6302.236136687942,6299.860723962721,6297.053883653513,1210.9025244563425,1160.8149163242094,1026.3494904839536,917.3198414312426,908.9797996334754,634.0934318595148,101.14119015606276,-456.06894465382084
2025-07-14 16:10:00+00:00,6305.75,6306.0,6304.5,6304.75,1052,2,1683,1741,1592,1683,6304.385675278336,6304.274034663697,6303.937898280806,6303.5700884575435,6303.534394404014,6302.334719562925,6299.957541309994,6297.130461925618,1315.8130745771552,1265.2519330593677,1120.1567061291032,986.9271285738569,976.2859040131733,675.2270227669849,132.46512698465557,-434.7846765478127
2025-07-14 16:11:00+00:00,6304.75,6304.75,6301.5,6301.5,2375,-525,1681,1685,1047,1158,6303.744414105372,6303.719227730959,6303.589627097834,6303.381898597767,6303.357490542796,6302.301985462418,6299.98808504643,6297.173939916408,1280.7435024488984,1243.8015464474943,1125.5628909678028,1002.4792077944153,992.0871297511583,694.1592963839659,152.77274823248416,-418.9360728010683
2025-07-14 16:12:00+00:00,6301.5,6303.0,6300.75,6303.0,1421,-167,1157,1157,857,991,6303.578988748623,6303.5753821847675,6303.505394655286,6303.347180543425,6303.32640440864,6302.329358581539,6300.0477269266985,6297.231910663509,1216.3560574602543,1193.2412371579956,1106.3396208295453,1001.4356434494684,991.9925967293185,705.800108290477,169.37130767342506,-404.90685814633133
2025-07-14 16:13:00+00:00,6302.75,6304.25,6302.25,6303.5,781,103,989,1118,945,1094,6303.561435693373,6303.560305747815,6303.504623990246,6303.361073221295,6303.3414996774545,6302.3752660881455,6300.116088769734,6297.294279711633,1189.1658224690866,1173.3929897263965,1104.576817853896,1009.8505849540622,1000.8628057093778,721.0236334555564,187.68078672939686,-389.99236204537283
2025-07-14 16:14:00+00:00,6303.5,6303.75,6302.75,6303.25,574,-134,1091,1091,960,960,6303.492227761512,6303.498244598252,6303.468249134497,6303.350975655722,6303.333543183763,6302.409569378807,6300.178146417858,6297.3535406100245,1138.240084142623,1130.7143917811172,1083.922986731911,1005.3187135946021,997.3095182563884,730.3952556729855,202.97423649713156,-376.55960222402587
2025-07-14 16:15:00+00:00,6303.0,6303.5,6301.25,6301.5,851,-321,959,995,638,639,6303.049510481176,6303.098595678603,6303.187070686712,6303.182705141566,6303.174104646045,6302.373899991403,6300.204321736316,6297.394798912413,1027.29784322204,1032.371513424894,1020.3625600559237,972.0170123587291,966.1521688427895,726.8111279995351,211.60841003184183,-366.45453155513013
2025-07-14 16:16:00+00:00,6301.25,6302.0,6300.75,6301.0,1163,-5,622,744,596,634,6302.594063707582,6302.678876542883,6302.874632017182,6302.984277401423,6302.985052068128,6302.320021560367,6300.220077741537,6297.4306715600505,939.8983225060311,952.6972107399152,965.1679086193633,941.28819305339,937.2693715521121,723.171475921122,219.9725999322014,-356.49976009687015
2025-07-14 16:17:00+00:00,6300.75,6301.75,6300.75,6301.75,637,-69,633,633,539,565,6302.406493994786,6302.493101234307,6302.713970300442,6302.87207036493,6302.877656236117,6302.297667773687,6300.250373231804,6297.473649952488,856.5875841713575,875.1577685919323,908.0010645308829,907.0801755030818,904.8981218519285,716.9686729438231,226.8048256761182,-347.33060825511023
2025-07-14 16:18:00+00:00,6301.75,6302.5,6301.5,6302.0,482,92,567,713,567,657,6302.316161995945,6302.394480987446,6302.611974543237,6302.792791240845,6302.801338302542,6302.2859945276605,6300.285019306421,6297.518688261419,812.2347876888336,831.5262148735459,872.1437695978997,884.3456140937108,883.3417634300217,714.6169602793594,235.32354199936339,-337.3372688694873
2025-07-14 16:19:00+00:00,6302.25,6302.5,6301.5,6302.0,372,-102,669,669,549,555,6302.245903774624,6302.315584789957,6302.524549608489,6302.720719309858,6302.7316567110165,6302.274779055988,6300.318979320155,6297.563278427972,755.0715015357595,776.2209718988368,826.8375167981998,854.4051037215552,854.7903057404546,708.3574716409532,241.6537688904651,-328.4582910697909
2025-07-14 16:20:00+00:00,6302.25,6303.25,6301.5,6303.25,581,111,560,666,494,666,6302.469036269152,6302.502467831966,6302.628185378705,6302.768835736235,6302.776730040494,6302.313023014577,6300.377019333618,6297.619862722222,735.277834527813,754.1767775190694,803.8607286841712,837.2773670195955,838.3737574151978,706.6963943217002,250.05666455600044,-318.56318369596215
2025-07-14 16:21:00+00:00,6303.25,6304.0,6302.5,6303.75,609,115,669,800,629,781,6302.753694876007,6302.751974265573,6302.788444610319,6302.8580324874865,6302.861362210886,6302.369375053221,6300.443811029982,6297.680859113046,745.4383157438546,759.5414220152556,800.5949103007183,832.1612427450868,833.3847350312676,709.6102612110452,260.5703939707331,-307.6222564950073
2025-07-14 16:22:00+00:00,6303.75,6303.75,6302.25,6302.25,604,-164,783,795,617,617,6302.641762681339,6302.651579412459,6302.7115239517025,6302.8027568068055,6302.8082002795045,6302.364693678585,6300.4795771481995,6297.726323201473,716.8964678007758,731.0331376122045,774.3670659720443,812.6011297682608,814.5686711155053,705.9784862615925,267.62840597131265,-298.42203503734555
2025-07-14 16:23:00+00:00,6302.25,6302.75,6302.0,6302.75,346,-96,611,615,513,521,6302.665815418819,6302.671263529967,6302.717020530031,6302.797960733459,6302.8031393856345,6302.379803730406,6300.524536016552,6297.7763100352895,673.3639194006034,689.0265100897636,738.1717708331809,786.0919361529643,789.0409605837223,698.7244279768241,272.64566525900943,-290.26858195239686
2025-07-14 16:24:00+00:00,6302.5,6302.75,6301.5,6302.0,330,-114,519,525,395,407,6302.517856436859,6302.537010823974,6302.614589025741,6302.725418848599,6302.733301178188,6302.364909466469,6300.553753125135,6297.818336801108,614.1719373115805,632.621208071811,690.8615178570122,751.6290328663312,755.8200074894856,687.2842543306742,275.30614713506867,-283.3305861120745
2025-07-14 16:25:00+00:00,6302.0,6303.25,6301.25,6303.0,529,65,404,499,359,472,6302.62499945089,6302.629608659179,6302.66964773635,6302.750380771453,6302.756492380086,6302.389814977588,6300.602193657311,6297.869895638908,582.5781734645626,600.4969664574488,659.595586734582,726.2082116966646,731.1400068382261,678.8417345530007,279.20107491457225,-275.81485888707874
2025-07-14 16:26:00+00:00,6303.0,6303.0,6301.5,6302.0,525,-97,473,473,342,375,6302.486110684025,6302.503686927344,6302.573983774015,6302.682164337684,6302.690710433992,6302.374528115722,6300.629872990829,6297.910991204691,536.4496904724376,555.3975731659591,618.9390743439275,694.2801924515132,700.1713105914239,666.9263724136674,281.0980833321055,-269.3390891469088
2025-07-14 16:27:00+00:00,6302.0,6302.5,6301.0,6301.5,607,-179,335,359,154,196,6302.266974976465,6302.302949541875,6302.420557520584,6302.57469485244,6302.587170396254,6302.340232895497,6300.6471032286345,6297.946702734993,460.7942037007848,483.5180585327673,558.5192065805093,648.9819931377393,656.3303270617349,648.4586715347001,279.41297277107367,-264.70884945390475
2025-07-14 16:28:00+00:00,6301.5,6302.5,6301.0,6302.0,476,-22,201,231,147,174,6302.207647203917,6302.2423596335,6302.360477874787,6302.5224498658545,6302.536112100928,6302.326890429007,6300.673893263711,6297.987034051062,397.06215843394375,421.6144468262139,503.5878913547223,605.8018119433993,614.3885594911493,629.8524491215746,277.3255871716465,-260.3435872702838
2025-07-14 16:29:00+00:00,6302.0,6302.25,6301.25,6301.5,266,-74,172,203,97,100,6302.0503922697135,6302.093887706801,6302.237552464103,6302.42949987805,6302.4460153965,6302.29446335336,6300.690251812945,6298.021988936127,331.0483454486229,357.29155746097115,445.9324783040477,559.8198290394539,569.6591195353972,609.0739217050423,273.8141894058713,-256.7580789392362
2025-07-14 16:30:00+00:00,6301.5,6302.25,6300.5,6300.5,814,-262,99,115,-162,-162,6301.705860654221,6301.775110165441,6301.989330683517,6302.254090798227,6302.27679666637,6302.224092241463,6300.686484450312,6298.0466457626335,221.48204646004004,253.43324596877693,359.0849814034695,494.1998445813217,506.0365874018844,578.8357286970014,265.1842054572402,-255.8152124821294
2025-07-14 16:31:00+00:00,6300.5,6301.25,6299.25,6299.5,2154,-812,-155,-77,-975,-974,6301.215669397728,6301.320088132354,6301.6337120144435,6302.003718907478,6302.035336086686,6302.117265094739,6300.662989708721,6298.061106998826,-44.18063053107995,7.946596775021544,168.64426977440246,360.72713143756516,377.33775371476406,517.94020992457,240.645904359077,-262.96132977086444
2025-07-14 16:32:00+00:00,6299.5,6300.0,6298.75,6298.75,1382,-340,-973,-973,-1314,-1314,6300.667742864899,6300.806070505883,6301.221753155238,6301.707926279526,6301.749654687844,6301.985215483181,6300.62510872439,6298.067961655554,-326.3627126352844,-256.4427225799828,-43.16205447908357,208.4792103977865,230.26490556565417,446.09941737850846,209.86083694602598,-273.41942599204987
2025-07-14 16:33:00+00:00,6299.0,6300.25,6298.75,6300.0,942,-2,-1313,-1165,-1381,-1316,6300.519355561588,6300.644856404707,6301.047216990204,6301.552660254114,6301.597510801945,6301.907363895605,6300.612730333808,6298.087185917689,-546.2821098274434,-468.35417806398624,-224.99604669635735,69.89019127071498,95.8070876903799,376.9974794420964,179.64577086788685,-283.79336205183046
2025-07-14 16:34:00+00:00,6299.75,6301.0,6299.5,6299.75,673,-9,-1318,-1201,-1343,-1325,6300.348387659013,6300.4658851237655,6300.8619002773185,6301.388782049195,6301.436857688733,6301.822761389895,6300.595646564821,6298.103731331444,-719.3305298657892,-639.683342451189,-382.13946859687775,-56.91800793571365,-27.741354717479215,310.2524802482887,149.8508051081267,-294.1536271060411
2025-07-14 16:35:00+00:00,6299.75,6301.25,6299.75,6300.5,846,100,-1326,-1095,-1337,-1225,6300.382079290343,6300.472708099012,6300.810200237702,6301.307983681086,6301.3553918027565,6301.770888394213,6300.593752573439,6298.127574800783,-831.7015232289472,-756.7466739609512,-502.54811594018094,-163.10727994155786,-131.85080213335058,250.04650063070875,122.62603669014399,-303.4157800701601
2025-07-14 16:36:00+00:00,6300.5,6300.75,6299.75,6300.25,326,50,-1224,-1172,-1277,-1175,6300.352728336934,6300.428166479211,6300.730171632316,6301.211803346441,6301.25927077643,6301.7112457120875,6300.586945591786,6298.148693459482,-907.9900736225145,-840.3973391687609,-598.6126708058694,-255.09752721959805,-222.55942803479834,194.16232413538685,96.93047160717084,-312.088259870457
2025-07-14 16:37:00+00:00,6300.5,6301.25,6300.0,6300.5,494,8,-1155,-1048,-1193,-1167,6300.385455373171,6300.442533183369,6300.697289970557,6301.14709395131,6301.1932472306535,6301.663745880241,6300.585223896899,6298.172089544463,-965.5478350397335,-905.7178713350088,-679.8108606907451,-337.9977520178164,-304.6846951622072,140.7834094634109,71.90214543673181,-320.59484434935797
2025-07-14 16:38:00+00:00,6300.75,6300.75,6299.75,6300.25,385,25,-1139,-1134,-1178,-1142,6300.3553541791325,6300.404026546696,6300.633391403335,6301.065539955736,6301.111225732336,6301.608304865329,6300.578585799931,6298.192765270389,-1004.7594272531261,-952.9742970680071,-745.8378805920673,-411.0888654707422,-377.4947216698414,90.47817771974772,47.864479190459896,-328.76802997772256
2025-07-14 16:39:00+00:00,6300.25,6300.75,6300.0,6300.0,366,28,-1143,-1093,-1151,-1114,6300.27638658377,6300.323221237357,6300.542906917144,6300.968672687033,6301.014597407785,6301.545234086297,6300.567128655378,6298.21074770551,-1029.0351100857647,-985.1794376544058,-798.4324690789149,-474.9898777006747,-441.53865891594216,43.24373937779683,24.857261780747816,-336.5812834107801
2025-07-14 16:40:00+00:00,6300.0,6302.75,6299.75,6302.25,1605,621,-1116,-479,-1157,-493,6300.714967342932,6300.708576989886,6300.786777357553,6301.085156988212,6301.122023720151,6301.572871965265,6300.60045284042,6298.25093927063,-909.9161967333725,-886.7435501235246,-754.7992592104986,-476.6271615460679,-446.0135581406429,22.21457312768715,14.60266253756469,-338.13768855097135
2025-07-14 16:41:00+00:00,6302.5,6303.75,6302.5,6303.75,1875,537,-490,100,-490,44,6301.389419044503,6301.316861591909,6301.2100948779025,6301.327415443829,6301.35054339666,6301.658249535255,6300.662820110907,6298.305656292813,-697.934819681512,-700.5948400988198,-640.6850793232845,-429.29741958733445,-403.40368351971745,23.068903593268047,15.18478803187034,-334.3353234907627
2025-07-14 16:42:00+00:00,6303.75,6304.25,6302.5,6303.25,1169,209,45,305,45,253,6301.802881479058,6301.703489273528,6301.501509895345,6301.5021958580255,6301.515713536081,6301.720671122108,6300.714051395839,6298.354853742636,-486.6159708633982,-509.87587207905585,-513.015782277101,-367.2703814430313,-346.3251023440899,32.085809334708514,19.894000150051124,-328.4911909187153
2025-07-14 16:43:00+00:00,6303.5,6304.25,6303.25,6304.0,424,160,257,466,257,413,6302.291130039267,6302.162791418823,6301.8584370531535,6301.729268961842,6301.7317384459875,6301.8100565683,6300.77911968503,6298.411024352162,-286.701310671532,-325.3006976632447,-380.72781338037237,-296.3367104027557,-280.2968325750386,47.0236207333474,27.678277374802587,-321.1131691185291
2025-07-14 16:44:00+00:00,6303.75,6304.0,6302.0,6302.5,688,-132,412,431,237,281,6302.337545586097,6302.230233135058,6301.950088902703,6301.799335419856,6301.798543798511,6301.837113173465,6300.81319652295,6298.451710677016,-160.545463855636,-204.04055813059577,-286.1952686117478,-243.8515549115961,-231.4884123511222,56.19916501831417,32.69454910995501,-315.1219933064044
2025-07-14 16:45:00+00:00,6302.25,6303.5,6302.0,6302.5,668,-116,277,368,165,165,6302.373646566964,6302.284186508047,6302.028647630888,6301.863032199869,6301.859539989945,6301.86310873529,6300.846598572,6298.491992162817,-88.20202744327246,-130.23244650447663,-221.7388016672124,-206.68323173781465,-197.01115910319854,60.46586442936067,35.314459028569765,-310.34466003967407
2025-07-14 16:46:00+00:00,6302.25,6303.5,6302.0,6303.25,487,131,153,314,132,296,6302.568391774305,6302.477349206438,6302.203126540762,6301.989120181699,6301.9804495560375,6301.917496628023,6300.894190679485,6298.539335524381,-2.823799122545251,-44.98595720358131,-147.7761157147535,-160.98475612528603,-154.14062352900737,69.70249719683673,40.47654894879611,-304.31137984027436
2025-07-14 16:47:00+00:00,6303.25,6303.5,6302.0,6302.5,718,-60,292,340,190,236,6302.553193602237,6302.48187936515,6302.245537034939,6302.035563801544,6302.0256278555125,6301.940339897513,6300.9259888838515,6298.578745121154,50.24815623802036,11.211234237134954,-92.95095632693157,-124.8952328411691,-120.21535191778935,76.223967895,44.34830045476054,-298.93514720504777
2025-07-14 16:48:00+00:00,6302.5,6303.75,6302.5,6303.5,642,64,234,311,223,300,6302.763595023962,6302.685503492121,6302.424746029948,6302.16869436504,6302.153834128947,6302.001503038787,6300.976959401003,6298.627712831391,105.7485659629047,68.96898738970796,-36.81510542308422,-86.2683934919719,-83.67488653363377,84.99949856578432,49.41071034674548,-292.975593501515
2025-07-14 16:49:00+00:00,6303.75,6305.5,6303.5,6305.5,1584,462,320,826,291,762,6303.371685018637,6303.248402793697,6302.86406802567,6302.471540331854,6302.444805074257,6302.13869899805,6301.066524561379,6298.696093798243,251.58221797114808,207.5751899117664,77.30133820878494,-9.153084992701723,-10.137939878535184,111.54853783771435,63.52138934978022,-282.47832391443524
2025-07-14 16:50:00+00:00,6305.5,6305.5,6304.75,6305.0,880,48,763,917,763,810,6303.733532792274,6303.598722234958,6303.169201164861,6302.701400301686,6302.666995937365,6302.250906880479,6301.1444151641235,6298.758819233087,375.67505842200404,328.0601519294131,181.97257560752996,65.31537727936207,61.17840271959832,138.9387912558432,78.30314401612121,-271.60789283070955
2025-07-14 16:51:00+00:00,6305.0,6305.75,6304.75,6305.25,568,56,822,910,822,866,6304.070525505102,6303.928977787967,6303.46645814131,6302.93309118335,6302.89160498629,6302.368518375362,6301.225713873745,6298.823408096439,484.6361565504476,435.6481215435305,279.69077909216855,138.1048884357837,131.16288943963323,167.45099552031994,93.90110156035644,-260.288411310006
2025-07-14 16:52:00+00:00,6305.25,6305.75,6305.0,6305.5,383,69,867,935,860,935,6304.3881865039675,6304.243182230373,6303.756964121123,6303.166446530318,6303.118421944005,6302.491321576329,6301.310353202977,6298.889841846724,584.7170106503481,535.5184972348244,373.3063820790016,210.54989857798518,201.06176861879555,197.55095648030738,110.55652529183453,-248.39499428204573
2025-07-14 16:53:00+00:00,6305.25,6306.75,6305.25,6306.25,1403,635,928,1588,914,1570,6304.801922836419,6304.644545784299,6304.11311210382,6303.446769573016,6303.390733079309,6302.638720730199,6301.408167991037,6298.963077251235,803.6687860613819,742.4147977878596,544.2626132105728,334.136271434532,320.09987569542204,251.3724875987267,139.45639607813484,-230.30151175187612
2025-07-14 16:54:00+00:00,6306.25,6307.75,6306.0,6306.5,1639,471,1568,2131,1489,2041,6305.179273317215,6305.01563662744,6304.454096088989,6303.724335975469,6303.661104115891,6302.790143446661,6301.50899634765,6299.038071507442,1078.6312780477415,1002.1318382302877,758.0822398947766,489.30570130411996,469.74336476538537,321.55395867328644,177.11072486866684,-207.70149670956891
2025-07-14 16:55:00+00:00,6306.75,6306.75,6305.5,6305.75,1006,-232,2042,2054,1757,1809,6305.306101468945,6305.162509301952,6304.639225219134,6303.908487250426,6303.842747236249,6302.906216252674,6301.592976617993,6299.104856865577,1240.9354384815767,1163.5054705842301,908.2133484812372,609.2779102764727,586.2004634814389,379.8851759802164,209.4253639801784,-187.63481515026973
2025-07-14 16:56:00+00:00,6306.0,6307.75,6305.75,6307.75,991,269,1814,2082,1746,2078,6305.849190031401,6305.680007441562,6305.083621616401,6304.257715682205,6304.182508346141,6303.096168556491,6301.714897873083,6299.190878190298,1426.9497854856709,1346.4043764673843,1075.325727269632,742.7981002513387,715.9221623091398,446.47791417707066,246.42684192116494,-165.0911851487745
2025-07-14 16:57:00+00:00,6307.75,6307.75,6306.25,6307.0,894,-94,2080,2104,1937,1984,6306.104925579979,6305.94400595325,6305.3573899569155,6304.50701425655,6304.427507620389,6303.249259985648,6301.819553360745,6299.268580894872,1550.7387220444107,1473.9235011739074,1205.1363376596846,855.6346365921261,826.1898003692147,506.7728979348326,280.8342311900528,-143.7071932567469
2025-07-14 16:58:00+00:00,6306.75,6306.75,6306.0,6306.0,447,-107,1983,1983,1855,1877,6306.081608784428,6305.9552047626,6305.449191391642,6304.642740233227,6304.564246088182,6303.357132143074,6301.9023344823145,6299.33556018945,1623.2412282567639,1554.538800939126,1301.1168608511582,948.4860332655692,917.5646003371091,560.5072940942509,312.4414741367844,-123.60065402036138
2025-07-14 16:59:00+00:00,6306.25,6306.5,6305.25,6305.75,639,-133,1878,1922,1742,1744,6306.007917943443,6305.914163810081,6305.492164049979,6304.743400212024,6304.667355123993,6303.450970098247,6301.978525878704,6299.399385461197,1650.0765108663718,1592.431040751301,1364.3858807295642,1020.805484786881,989.4285481338823,606.9187727572215,340.7891677182342,-105.01756293558167
